-- MySQL Administrator dump 1.4
--
-- ------------------------------------------------------
-- Server version	5.1.66-0ubuntu0.10.04.3


/*!40101 SET @OLD_CHARACTER_SET_CLIENT=@@CHARACTER_SET_CLIENT */;
/*!40101 SET @OLD_CHARACTER_SET_RESULTS=@@CHARACTER_SET_RESULTS */;
/*!40101 SET @OLD_COLLATION_CONNECTION=@@COLLATION_CONNECTION */;
/*!40101 SET NAMES utf8 */;

/*!40014 SET @OLD_UNIQUE_CHECKS=@@UNIQUE_CHECKS, UNIQUE_CHECKS=0 */;
/*!40014 SET @OLD_FOREIGN_KEY_CHECKS=@@FOREIGN_KEY_CHECKS, FOREIGN_KEY_CHECKS=0 */;
/*!40101 SET @OLD_SQL_MODE=@@SQL_MODE, SQL_MODE='NO_AUTO_VALUE_ON_ZERO' */;


--
-- Create schema smsbd
--

CREATE DATABASE IF NOT EXISTS smsbd;
USE smsbd;

--
-- Definition of table `smsbd`.`ALERT`
--

DROP TABLE IF EXISTS `smsbd`.`ALERT`;
CREATE TABLE  `smsbd`.`ALERT` (
  `ID_ALERT` int(10) unsigned NOT NULL AUTO_INCREMENT,
  `ID_VARIABLE` int(10) unsigned DEFAULT NULL,
  `ALERT_DESCRIPTION` varchar(45) DEFAULT NULL,
  `CODE` varchar(5) DEFAULT NULL,
  PRIMARY KEY (`ID_ALERT`)
) ENGINE=InnoDB AUTO_INCREMENT=6 DEFAULT CHARSET=latin1;

--
-- Dumping data for table `smsbd`.`ALERT`
--

/*!40000 ALTER TABLE `ALERT` DISABLE KEYS */;
LOCK TABLES `ALERT` WRITE;
INSERT INTO `smsbd`.`ALERT` VALUES  (1,1,'Alerta Temperatura Maxima','T'),
 (2,2,'Alerta Lluvia','P'),
 (3,3,'Alerta humedad Máxima','H'),
 (4,5,'Alerta Nivel bateria de la EMA muy bajo','BAT'),
 (5,6,'Alerta Temperatura interna de la EMA muy alta','TEMP');
UNLOCK TABLES;
/*!40000 ALTER TABLE `ALERT` ENABLE KEYS */;


--
-- Definition of table `smsbd`.`CUSTOMER`
--

DROP TABLE IF EXISTS `smsbd`.`CUSTOMER`;
CREATE TABLE  `smsbd`.`CUSTOMER` (
  `ID_CUSTOMER` int(10) unsigned NOT NULL AUTO_INCREMENT,
  `NAME` varchar(45) DEFAULT NULL,
  `LAST_NAME` varchar(45) DEFAULT NULL,
  `EMAIL` varchar(45) DEFAULT NULL,
  `ADDRESS` varchar(45) DEFAULT NULL,
  `CITY` varchar(45) DEFAULT NULL,
  `PROVINCE` varchar(45) DEFAULT NULL,
  `STATUS` varchar(1) DEFAULT NULL,
  PRIMARY KEY (`ID_CUSTOMER`)
) ENGINE=InnoDB AUTO_INCREMENT=5 DEFAULT CHARSET=latin1;

--
-- Dumping data for table `smsbd`.`CUSTOMER`
--

/*!40000 ALTER TABLE `CUSTOMER` DISABLE KEYS */;
LOCK TABLES `CUSTOMER` WRITE;
INSERT INTO `smsbd`.`CUSTOMER` VALUES  (1,'Juan Cruz','Martini','jcruzmartini@gmail.com','Testing 1','Marcos Juarez','Cordoba','E'),
 (2,'Probando','Avances',NULL,'jcruzmartini@gmail.com','Rosario','Santa Fe','E'),
 (3,'Carlos','Fontana','','','','','E'),
 (4,NULL,NULL,NULL,NULL,NULL,NULL,NULL);
UNLOCK TABLES;
/*!40000 ALTER TABLE `CUSTOMER` ENABLE KEYS */;


--
-- Definition of table `smsbd`.`ERROR`
--

DROP TABLE IF EXISTS `smsbd`.`ERROR`;
CREATE TABLE  `smsbd`.`ERROR` (
  `ID_ERROR` int(10) unsigned NOT NULL AUTO_INCREMENT,
  `DESCRIPTION` varchar(125) DEFAULT NULL,
  `COD_ERROR` varchar(3) DEFAULT NULL,
  PRIMARY KEY (`ID_ERROR`)
) ENGINE=InnoDB AUTO_INCREMENT=4 DEFAULT CHARSET=latin1;

--
-- Dumping data for table `smsbd`.`ERROR`
--

/*!40000 ALTER TABLE `ERROR` DISABLE KEYS */;
LOCK TABLES `ERROR` WRITE;
INSERT INTO `smsbd`.`ERROR` VALUES  (1,'Error en baja de alarma - La alarma no esta dada de alta','2'),
 (2,'Error en el sensor de temperatura','3'),
 (3,'Error generico','0');
UNLOCK TABLES;
/*!40000 ALTER TABLE `ERROR` ENABLE KEYS */;


--
-- Definition of table `smsbd`.`GSMMODEM`
--

DROP TABLE IF EXISTS `smsbd`.`GSMMODEM`;
CREATE TABLE  `smsbd`.`GSMMODEM` (
  `ID_GSMMODEM` int(10) unsigned NOT NULL AUTO_INCREMENT,
  `BRANCH` varchar(45) DEFAULT NULL,
  `MODEL` varchar(45) DEFAULT NULL,
  `PORT` varchar(12) DEFAULT NULL,
  `BAUDIOS` int(10) unsigned DEFAULT NULL,
  `PIN_SIM` varchar(45) DEFAULT NULL,
  `IS_SENDER` tinyint(1) DEFAULT NULL,
  `IS_RECEIVER` tinyint(1) DEFAULT NULL,
  `ID_SIMCARD` int(10) unsigned DEFAULT NULL,
  `ENABLE` tinyint(1) DEFAULT NULL,
  PRIMARY KEY (`ID_GSMMODEM`)
) ENGINE=InnoDB AUTO_INCREMENT=2 DEFAULT CHARSET=latin1;

--
-- Dumping data for table `smsbd`.`GSMMODEM`
--

/*!40000 ALTER TABLE `GSMMODEM` DISABLE KEYS */;
LOCK TABLES `GSMMODEM` WRITE;
INSERT INTO `smsbd`.`GSMMODEM` VALUES  (1,'WAVECOM','2DEE','/dev/ttyS0',115200,'0000',1,1,7,1);
UNLOCK TABLES;
/*!40000 ALTER TABLE `GSMMODEM` ENABLE KEYS */;


--
-- Definition of table `smsbd`.`MEASURES`
--

DROP TABLE IF EXISTS `smsbd`.`MEASURES`;
CREATE TABLE  `smsbd`.`MEASURES` (
  `ID_MEASURE` int(10) unsigned NOT NULL AUTO_INCREMENT,
  `ID_STATION` int(10) unsigned DEFAULT NULL,
  `ID_VARIABLE` varchar(45) DEFAULT NULL,
  `VALUE` double DEFAULT NULL,
  `DATE` datetime DEFAULT NULL,
  PRIMARY KEY (`ID_MEASURE`)
) ENGINE=InnoDB AUTO_INCREMENT=219 DEFAULT CHARSET=latin1;

--
-- Dumping data for table `smsbd`.`MEASURES`
--

/*!40000 ALTER TABLE `MEASURES` DISABLE KEYS */;
LOCK TABLES `MEASURES` WRITE;
INSERT INTO `smsbd`.`MEASURES` VALUES  (139,3,'3',27.73,'2013-01-02 15:32:00'),
 (140,3,'2',0,'2013-01-02 15:32:00'),
 (141,3,'1',39.169,'2013-01-02 15:32:00'),
 (142,3,'4',1007.9,'2013-01-02 15:32:00'),
 (143,1,'3',55.148,'2013-01-02 22:57:00'),
 (144,1,'2',0,'2013-01-02 22:57:00'),
 (145,1,'1',18.149,'2013-01-02 22:57:00'),
 (146,1,'4',1007,'2013-01-02 22:57:00'),
 (147,1,'3',55.161,'2013-01-02 23:23:00'),
 (148,1,'2',0,'2013-01-02 23:23:00'),
 (149,1,'4',1007,'2013-01-02 23:23:00'),
 (150,1,'1',17.61,'2013-01-02 23:23:00'),
 (151,1,'3',55.474,'2013-01-02 23:50:00'),
 (152,1,'4',1006.8,'2013-01-02 23:50:00'),
 (153,1,'2',0,'2013-01-02 23:50:00'),
 (154,1,'1',17.039,'2013-01-02 23:50:00'),
 (155,5,'2',0,'2013-01-03 01:08:00'),
 (156,5,'1',15.669,'2013-01-03 01:08:00'),
 (157,5,'4',1007,'2013-01-03 01:08:00'),
 (158,5,'3',55.607,'2013-01-03 01:08:00'),
 (159,5,'2',0,'2013-01-03 01:35:00'),
 (160,5,'1',15.379,'2013-01-03 01:35:00'),
 (161,5,'4',1006.8,'2013-01-03 01:35:00'),
 (162,5,'3',55.444,'2013-01-03 01:35:00'),
 (163,5,'2',0,'2013-01-03 02:01:00'),
 (164,5,'4',1006.7,'2013-01-03 02:01:00'),
 (165,5,'1',15.059,'2013-01-03 02:01:00'),
 (166,5,'3',55.427,'2013-01-03 02:01:00'),
 (167,5,'3',55.616,'2013-01-03 02:53:00'),
 (168,5,'2',0,'2013-01-03 02:53:00'),
 (169,5,'4',1006.5,'2013-01-03 02:53:00'),
 (170,5,'1',14.3,'2013-01-03 02:53:00'),
 (171,5,'4',1006.5,'2013-01-03 03:19:00'),
 (172,5,'1',14,'2013-01-03 03:19:00'),
 (173,5,'3',55.632,'2013-01-03 03:19:00'),
 (174,5,'2',0,'2013-01-03 03:19:00'),
 (175,5,'3',55.143,'2013-01-03 03:46:00'),
 (176,5,'4',1006.1,'2013-01-03 03:46:00'),
 (177,5,'2',0,'2013-01-03 03:46:00'),
 (178,5,'1',13.94,'2013-01-03 03:46:00'),
 (179,5,'2',0,'2013-01-03 04:12:00'),
 (180,5,'3',55.061,'2013-01-03 04:12:00'),
 (181,5,'1',13.789,'2013-01-03 04:12:00'),
 (182,5,'4',1006.5,'2013-01-03 04:12:00'),
 (183,5,'1',13.539,'2013-01-03 04:38:00'),
 (184,5,'3',55.265,'2013-01-03 04:38:00'),
 (185,5,'4',1006.5,'2013-01-03 04:38:00'),
 (186,5,'2',0,'2013-01-03 04:38:00'),
 (187,5,'1',13.3,'2013-01-03 05:04:00'),
 (188,5,'2',0,'2013-01-03 05:04:00'),
 (189,5,'3',55.229,'2013-01-03 05:04:00'),
 (190,5,'4',1006.6,'2013-01-03 05:04:00'),
 (191,5,'4',1006.4,'2013-01-03 05:30:00'),
 (192,5,'1',13.14,'2013-01-03 05:30:00'),
 (193,5,'3',55.176,'2013-01-03 05:30:00'),
 (194,5,'2',0,'2013-01-03 05:30:00'),
 (195,5,'3',54.844,'2013-01-03 05:57:00'),
 (196,5,'4',1006.4,'2013-01-03 05:57:00'),
 (197,5,'1',13.129,'2013-01-03 05:57:00'),
 (198,5,'2',0,'2013-01-03 05:57:00'),
 (199,5,'1',13.36,'2013-01-03 06:23:00'),
 (200,5,'4',1006.7,'2013-01-03 06:23:00'),
 (201,5,'2',0,'2013-01-03 06:23:00'),
 (202,5,'3',54.033,'2013-01-03 06:23:00'),
 (203,5,'1',14.07,'2013-01-03 06:49:00'),
 (204,5,'4',1006.7,'2013-01-03 06:49:00'),
 (205,5,'3',52.43,'2013-01-03 06:49:00'),
 (206,5,'2',0,'2013-01-03 06:49:00'),
 (207,5,'4',1006.9,'2013-01-03 07:15:00'),
 (208,5,'3',50.2,'2013-01-03 07:15:00'),
 (209,5,'1',15.39,'2013-01-03 07:15:00'),
 (210,5,'2',0,'2013-01-03 07:15:00'),
 (211,5,'1',16.529,'2013-01-03 07:42:00'),
 (212,5,'4',1006.9,'2013-01-03 07:42:00'),
 (213,5,'3',48.53,'2013-01-03 07:42:00'),
 (214,5,'2',0,'2013-01-03 07:42:00'),
 (215,5,'3',46.546,'2013-01-03 08:08:00'),
 (216,5,'4',1007.1,'2013-01-03 08:08:00'),
 (217,5,'2',0,'2013-01-03 08:08:00'),
 (218,5,'1',17.969,'2013-01-03 08:08:00');
UNLOCK TABLES;
/*!40000 ALTER TABLE `MEASURES` ENABLE KEYS */;


--
-- Definition of table `smsbd`.`RESPONSE`
--

DROP TABLE IF EXISTS `smsbd`.`RESPONSE`;
CREATE TABLE  `smsbd`.`RESPONSE` (
  `ID_RESPONSE` int(11) NOT NULL AUTO_INCREMENT,
  `DESCRIPTION` varchar(45) NOT NULL,
  `VALUE` varchar(5) NOT NULL,
  `SUCCESS` tinyint(1) NOT NULL,
  PRIMARY KEY (`ID_RESPONSE`)
) ENGINE=MyISAM AUTO_INCREMENT=7 DEFAULT CHARSET=latin1;

--
-- Dumping data for table `smsbd`.`RESPONSE`
--

/*!40000 ALTER TABLE `RESPONSE` DISABLE KEYS */;
LOCK TABLES `RESPONSE` WRITE;
INSERT INTO `smsbd`.`RESPONSE` VALUES  (1,'Error generico','-0001',0),
 (2,'Incializacion de EEPROM correcto','0004',1),
 (3,'Baja de Alarma correcto','0003',1),
 (4,'Alta de Alarma correcto','0002',1),
 (5,'Seteo de RTC correcto','0005',1),
 (6,'Encendido correcto','0000',1);
UNLOCK TABLES;
/*!40000 ALTER TABLE `RESPONSE` ENABLE KEYS */;


--
-- Definition of table `smsbd`.`SIMCARD`
--

DROP TABLE IF EXISTS `smsbd`.`SIMCARD`;
CREATE TABLE  `smsbd`.`SIMCARD` (
  `ID_SIMCARD` int(10) unsigned NOT NULL AUTO_INCREMENT,
  `NUMBER` varchar(45) DEFAULT NULL,
  `COMPANY` varchar(45) DEFAULT NULL,
  `ID_CUSTOMER` int(10) unsigned DEFAULT NULL,
  PRIMARY KEY (`ID_SIMCARD`)
) ENGINE=InnoDB AUTO_INCREMENT=9 DEFAULT CHARSET=latin1;

--
-- Dumping data for table `smsbd`.`SIMCARD`
--

/*!40000 ALTER TABLE `SIMCARD` DISABLE KEYS */;
LOCK TABLES `SIMCARD` WRITE;
INSERT INTO `smsbd`.`SIMCARD` VALUES  (1,'5493415460866','CLARO',1),
 (2,'5493472436172','CLARO',2),
 (3,'5493415775431','MOVISTAR',0),
 (4,'5493413091570','MOVISTAR',3),
 (5,'5493472437449','CLARO',NULL),
 (6,'5493416527111','CLARO',NULL),
 (7,'5493416527105','CLARO',NULL),
 (8,'5493416478330','CLARO',NULL);
UNLOCK TABLES;
/*!40000 ALTER TABLE `SIMCARD` ENABLE KEYS */;


--
-- Definition of table `smsbd`.`SMS`
--

DROP TABLE IF EXISTS `smsbd`.`SMS`;
CREATE TABLE  `smsbd`.`SMS` (
  `ID_SMS` int(10) unsigned NOT NULL AUTO_INCREMENT,
  `DATE` datetime DEFAULT NULL,
  `FROME` varchar(45) DEFAULT NULL,
  `STATE` varchar(10) DEFAULT NULL,
  `TEXT` varchar(165) DEFAULT NULL,
  `TOKEN_NUMBER` int(11) DEFAULT '-1',
  `ERROR_CODE` varchar(45) DEFAULT NULL,
  `REF_NUMBER` varchar(45) DEFAULT NULL,
  `RETRIES` int(10) unsigned NOT NULL DEFAULT '5',
  `DELIVERED_AT` datetime DEFAULT NULL,
  `SENT_AT` datetime DEFAULT NULL,
  `SENT_BY_MODEM_ID` varchar(5) DEFAULT NULL,
  `RECEIVED_AT` datetime DEFAULT NULL,
  `CONFIRMATION_ID` varchar(5) DEFAULT NULL,
  PRIMARY KEY (`ID_SMS`)
) ENGINE=InnoDB AUTO_INCREMENT=216 DEFAULT CHARSET=latin1;

--
-- Dumping data for table `smsbd`.`SMS`
--

/*!40000 ALTER TABLE `SMS` DISABLE KEYS */;
LOCK TABLES `SMS` WRITE;
INSERT INTO `smsbd`.`SMS` VALUES  (10,'2011-03-18 00:00:00','5493415460866','S','A|T|22.2',-1,NULL,NULL,5,NULL,NULL,NULL,NULL,NULL),
 (11,'2011-03-19 00:00:00','5493415460866','S','A|T|22.2',-1,NULL,NULL,5,NULL,NULL,NULL,NULL,NULL),
 (12,'2011-03-19 00:00:00','5493415460866','S','A|T|22.2',-1,NULL,NULL,5,NULL,NULL,NULL,NULL,NULL),
 (13,'2011-03-19 00:00:00','5493415460866','S','A|T|22.2',-1,NULL,NULL,5,NULL,NULL,NULL,NULL,NULL),
 (14,'2011-03-19 00:00:00','5493415460866','C','A|T|22.2',-1,NULL,NULL,5,NULL,NULL,NULL,NULL,NULL),
 (15,'2011-03-19 00:00:00','5493415460866','C','A|T|22.2',-1,NULL,NULL,5,NULL,NULL,NULL,NULL,NULL),
 (16,'2011-03-19 00:00:00','5493472436171','C','Tiempo',-1,NULL,NULL,5,NULL,NULL,NULL,NULL,NULL),
 (17,'2011-03-19 00:00:00','5493472436171','C','Tiempo',-1,NULL,NULL,5,NULL,NULL,NULL,NULL,NULL),
 (18,'2011-03-19 00:00:00','5493415460866','C','R|T:22*P:25*H:32',-1,NULL,NULL,5,NULL,NULL,NULL,NULL,NULL),
 (19,'2011-03-19 00:00:00','5493472436171','C','Tiempo',-1,NULL,NULL,5,NULL,NULL,NULL,NULL,NULL),
 (20,'2011-03-19 00:00:00','5493415460866','C','R|T:22*P:25*H:32',-1,NULL,NULL,5,NULL,NULL,NULL,NULL,NULL),
 (21,'2011-03-19 13:43:21','5493472436171','C','Tiempo',-1,NULL,NULL,5,NULL,NULL,NULL,NULL,NULL),
 (22,'2011-03-19 13:45:10','5493415460866','C','R|T:22*P:25*H:32',-1,NULL,NULL,5,NULL,NULL,NULL,NULL,NULL),
 (23,'2011-03-21 21:29:02','5493415460866','C','D|00:00#T:25.2*H:25*P:25',-1,NULL,NULL,5,NULL,NULL,NULL,NULL,NULL),
 (24,'2011-03-21 21:59:33','5493415460866','C','D|00:00#T:25.2*H:25*P:25',-1,NULL,NULL,5,NULL,NULL,NULL,NULL,NULL),
 (25,'2011-03-21 22:06:25','5493415460866','F','D|0#:25.2*H:25*P:25',-1,NULL,NULL,5,NULL,NULL,NULL,NULL,NULL),
 (26,'2011-03-21 22:16:32','5493415460866','F','R|00:00#T:25.2*H:25*P:25',-1,NULL,NULL,5,NULL,NULL,NULL,NULL,NULL),
 (27,'2011-03-21 22:36:07','5493415460866','F','A|X|2',-1,NULL,NULL,5,NULL,NULL,NULL,NULL,NULL),
 (28,'2011-03-21 22:49:02','5493415460866','C','D|01:00#T:25.2*H:25*P:25|02:00#T:25.2*H:25*P:25|03:00#T:25.2*H:25*P:25|04:00#T:25.2*H:25*P:25|05:00#T:25.2*H:25*P:25|06:00#T:25.2*H:25*P:25',-1,NULL,NULL,5,NULL,NULL,NULL,NULL,NULL),
 (29,'2011-03-21 23:07:06','5493415460866','C','D|01:00#T:25.2*H:25*P:25|02:00#T:25.2*H:25*P:25|03:00#T:25.2*H:25*P:25|04:00#T:25.2*H:25*P:25|05:00#T:25.2*H:25*P:25|06:00#T:25.2*H:25*P:25',-1,NULL,NULL,5,NULL,NULL,NULL,NULL,NULL),
 (30,'2011-03-21 23:28:45','5493415460866','C','D|01:00#T:25.2*H:25*P:25|02:00#T:25.2*H:25*P:25|03:00#T:25.2*H:25*P:25|04:00#T:25.2*H:25*P:25|05:00#T:25.2*H:25*P:25|06:00#T:25.2*H:25*P:25',-1,NULL,NULL,5,NULL,NULL,NULL,NULL,NULL),
 (31,'2011-03-21 23:41:54','5493415460866','S','D|01:00#T:25.2*H:25*P:25|02:00#T:25.2*H:25*P:25|03:00#T:25.2*H:25*P:25|04:00#T:25.2*H:25*P:25|05:00#T:25.2*H:25*P:25|06:00#T:25.2*H:25*P:25',-1,NULL,NULL,5,NULL,NULL,NULL,NULL,NULL),
 (32,'2011-03-22 00:18:16','5493415460866','C','D|01:00#T:25.2*H:25*P:25|02:00#T:25.2*H:25*P:25|03:00#T:25.2*H:25*P:25|04:00#T:25.2*H:25*P:25|05:00#T:25.2*H:25*P:25|06:00#T:25.2*H:25*P:25',-1,NULL,NULL,5,NULL,NULL,NULL,NULL,NULL),
 (33,'2011-03-22 00:18:16','5493415460866','C','D|01:00#T:25.2*H:25*P:25|02:00#T:25.2*H:25*P:25|03:00#T:25.2*H:25*P:25|04:00#T:25.2*H:25*P:25|05:00#T:25.2*H:25*P:25|06:00#T:25.2*H:25*P:25',-1,NULL,NULL,5,NULL,NULL,NULL,NULL,NULL),
 (34,'2011-03-29 20:01:23','5493415460866','F','A|T|22.2',-1,NULL,NULL,5,NULL,NULL,NULL,NULL,NULL),
 (35,'2011-03-29 20:15:33','5493415460866','C','A|T|22.2',-1,NULL,NULL,5,NULL,NULL,NULL,NULL,NULL),
 (36,'2011-03-29 23:37:16','5493415460866','C','D|01:00#T:25.2*H:25*P:25|02:00#T:25.2*H:25*P:25|03:00#T:25.2*H:25*P:25|04:00#T:25.2*H:25*P:25|05:00#T:25.2*H:25*P:25|06:00#T:25.2*H:25*P:25',-1,NULL,NULL,5,NULL,NULL,NULL,NULL,NULL),
 (37,'2011-03-29 23:40:11','5493415460866','F','R|V+',-1,NULL,NULL,5,NULL,NULL,NULL,NULL,NULL),
 (38,'2011-03-29 23:52:46','5493415460866','BF','R|V+',-1,NULL,NULL,5,NULL,NULL,NULL,NULL,NULL),
 (39,'2011-03-30 00:12:18','5493415460866','C','A|T|22.2',-1,NULL,NULL,5,NULL,NULL,NULL,NULL,NULL),
 (40,'2011-03-30 00:13:43','5493415460866','C','A|T|22.2',-1,NULL,NULL,5,NULL,NULL,NULL,NULL,NULL),
 (41,'2011-04-30 16:52:51','5493415460866','C','A|T|22.2',-1,NULL,NULL,5,NULL,NULL,NULL,NULL,NULL),
 (42,'2012-01-03 19:51:09','5493415460866','F','A|T|22.6',-1,NULL,NULL,5,NULL,NULL,NULL,NULL,NULL),
 (43,'2012-01-03 19:51:09','5493415460866','F','A|T|22.6',-1,NULL,NULL,5,NULL,NULL,NULL,NULL,NULL),
 (44,'2012-01-03 21:11:45','5493415460866','F','A|T|22.6',-1,NULL,NULL,5,NULL,NULL,NULL,NULL,NULL),
 (45,'2012-01-03 21:11:45','5493415460866','C','A|T|22.6',-1,NULL,NULL,5,NULL,NULL,NULL,NULL,NULL),
 (46,'2012-01-03 22:40:00','5493415460866','BF','D|DDMMYY|hh:mm#T:0000*L:00000* H:00*P:0000|hh:mm#T:0000*L: 00000*H:00*P:0000|hh:mm#T: 0000*L:00000*H:00*P:0000|hh: mm#T:0000*L:00000*H:00*P:0000',-1,NULL,NULL,5,NULL,NULL,NULL,NULL,NULL),
 (47,'2012-01-03 22:59:59','5493415460866','BF','D|161012|11:16#T:0000*L:00000* H:00*P:0000|11:16#T:0000*L: 00000*H:00*P:0000|11:16#T: 0000*L:00000*H:00*P:0000|11: 16#T:0000*L:00000*H:00*P:0000',-1,NULL,NULL,5,NULL,NULL,NULL,NULL,NULL),
 (48,'2012-01-03 23:00:41','5493472448259','BF','Tiene heladera el quincho?',-1,NULL,NULL,5,NULL,NULL,NULL,NULL,NULL),
 (49,'2012-01-03 23:24:53','5493415460866','C','D|161012|11:16#T:45*L:180.1*H:99*P:1002|11:16#T:45*L:180.1*H:99*P:1002|11:16#T:45*L:180.1*H:99*P:1002|11:16#T:45*L:180.1*H:99*P:1002',-1,NULL,NULL,5,NULL,NULL,NULL,NULL,NULL),
 (50,'2012-01-07 10:11:12','SERVER','C',NULL,-1,NULL,NULL,5,NULL,NULL,NULL,NULL,NULL),
 (51,'2012-01-09 23:48:45','5493415460866','WCS','A|T|45|126',-1,NULL,NULL,5,NULL,NULL,NULL,NULL,NULL),
 (52,'2012-01-09 23:56:15','SERVER','S','OK',-1,NULL,NULL,5,NULL,NULL,NULL,NULL,NULL),
 (53,'2012-01-10 00:06:57','5493415460866','X','A|T|45|126',-1,NULL,NULL,5,NULL,NULL,NULL,NULL,NULL),
 (54,'2012-01-10 00:18:12','SERVER','X','OK[|]126',-1,NULL,NULL,5,NULL,NULL,NULL,NULL,NULL),
 (55,'2012-01-10 00:22:50','5493415460866','F','R|T:23.6*L:124*H:56*P:1234|125',-1,NULL,NULL,5,NULL,NULL,NULL,NULL,NULL),
 (56,'2012-01-10 00:22:50','5493415460866','BF','R|T:23.6*L:124*H:56*p:1234',-1,NULL,NULL,5,NULL,NULL,NULL,NULL,NULL),
 (57,'2012-01-10 00:29:03','5493415460866','F','R|T:23.6*L:124*H:56*P:1234|55',-1,NULL,NULL,5,NULL,NULL,NULL,NULL,NULL),
 (58,'2012-01-10 00:40:39','SERVER','X','FAIL|55',-1,NULL,NULL,5,NULL,NULL,NULL,NULL,NULL),
 (59,'2012-01-10 00:52:56','5493415775431','C','TIEMPO',-1,NULL,NULL,5,NULL,NULL,NULL,NULL,NULL),
 (60,'2012-01-10 00:58:49','5493415460866','BF','Vgjkyvcaf',-1,NULL,NULL,5,NULL,NULL,NULL,NULL,NULL),
 (61,'2012-01-10 01:28:13','5493415460866','C','R|T:23.6*L:124*H:56*P:1234|55',-1,NULL,NULL,5,NULL,NULL,NULL,NULL,NULL),
 (62,'2012-01-10 01:51:05','SERVER','S','OK|55',-1,NULL,NULL,5,NULL,NULL,NULL,NULL,NULL),
 (63,'2012-01-10 01:54:24','5493415775431','BF','Gracias ema!',-1,NULL,NULL,5,NULL,NULL,NULL,NULL,NULL),
 (64,'2012-01-10 01:49:33','5493415460866','S','R|T:23.6*L:124*H:56*P:1234|55',-1,NULL,NULL,5,NULL,NULL,NULL,NULL,NULL),
 (65,'2012-01-10 02:02:14','SERVER','S','OK|55',-1,NULL,NULL,5,NULL,NULL,NULL,NULL,NULL),
 (66,'2012-03-06 19:47:19','03413091570','W','CLIMA',7311,NULL,'',3,NULL,'2012-03-06 19:58:08','1',NULL,NULL),
 (67,'2012-03-06 20:09:31','03413091570','W','CLIMA',7888,NULL,'',3,NULL,'2012-03-06 20:32:04','1',NULL,NULL),
 (68,'2012-03-06 20:21:45','03413091570','S','CLIMA',2223,NULL,'',3,NULL,'2012-03-06 20:27:39','1',NULL,NULL),
 (69,'2012-02-24 23:15:22','5493413035518','BF','Estamos a punto de comer en magdalena, veni',-1,NULL,NULL,3,NULL,NULL,NULL,NULL,NULL),
 (70,'2012-02-24 23:21:11','5493413035518','BF','Veni y te prendes al misil de cerveza,,, ale, palmera, mi hno mas chico',-1,NULL,NULL,3,NULL,NULL,NULL,NULL,NULL),
 (71,'2012-02-24 23:22:30','5493413035518','BF','Ok',-1,NULL,NULL,3,NULL,NULL,NULL,NULL,NULL),
 (72,'2012-02-26 00:42:37','5493472447081','BF','Recibiste una llamada del numero 5493472447081 el dia 26/02 a las 00:42 hs. Manda Ideas al 1234 y descarga los mejores contenidos. Info en *611',-1,NULL,NULL,3,NULL,NULL,NULL,NULL,NULL),
 (73,'2012-02-26 05:08:41','5493472529606','BF','Hola! Cacu como estar?',-1,NULL,NULL,3,NULL,NULL,NULL,NULL,NULL),
 (74,'2012-02-26 06:06:47','5493472505651','BF','Vamos estoy en la esquina de la estacione',-1,NULL,NULL,3,NULL,NULL,NULL,NULL,NULL),
 (75,'2012-02-26 06:09:49','5493472505651','BF','Si o no martini',-1,NULL,NULL,3,NULL,NULL,NULL,NULL,NULL),
 (76,'2012-02-26 06:14:11','5493472505651','BF','Jajajaja mis cero cacu y lo sabes',-1,NULL,NULL,3,NULL,NULL,NULL,NULL,NULL),
 (77,'2012-02-26 11:49:16','5493472505651','BF','Jajaja recien veo el mensaje parareces un chiquilin cuando pones esoo esta noche t tiento besitosssss',-1,NULL,NULL,3,NULL,NULL,NULL,NULL,NULL),
 (78,'2012-02-28 18:53:24','5493472436171','BF','Recibiste una llamada del numero 5493472436171 el dia 28/02 a las 18:27 hs. Manda Ideas al 1234 y descarga los mejores contenidos. Info en *611',-1,NULL,NULL,3,NULL,NULL,NULL,NULL,NULL),
 (79,'2012-02-26 17:59:46','5493472583651','BF','Recibiste una llamada del numero 5493472583651 el dia 26/02 a las 17:59 hs. Manda Ideas al 1234 y descarga los mejores contenidos. Info en *611',-1,NULL,NULL,3,NULL,NULL,NULL,NULL,NULL),
 (80,'2012-02-26 18:53:38','5493472439007','BF','Recibiste una llamada del numero 5493472439007 el dia 26/02 a las 18:53 hs. Manda Ideas al 1234 y descarga los mejores contenidos. Info en *611',-1,NULL,NULL,3,NULL,NULL,NULL,NULL,NULL),
 (81,'2012-02-27 02:59:29','5493472436560','BF','Me voy a dormir. Abrazo',-1,NULL,NULL,3,NULL,NULL,NULL,NULL,NULL),
 (82,'2012-02-27 12:46:23','5493472436171','BF','Me dejaste con el pollo al horno preparado. Si fuera algun amigo ibas.',-1,NULL,NULL,3,NULL,NULL,NULL,NULL,NULL),
 (83,'2012-02-27 19:24:07','5493472500936','BF','Brother venite  a kasa !es el cumple de gabi ´.nino',-1,NULL,NULL,3,NULL,NULL,NULL,NULL,NULL),
 (84,'2012-03-06 19:14:43','5493472436559','BF','Recibiste una llamada del numero 5493472436559 el dia 06/03 a las 18:51 hs. Manda Ideas al 1234 y descarga los mejores contenidos. Info en *611',-1,NULL,NULL,3,NULL,NULL,NULL,NULL,NULL),
 (85,'2012-02-29 17:36:01','5493472436171','BF','Todo bien?  Llamame! ',-1,NULL,NULL,3,NULL,NULL,NULL,NULL,NULL),
 (86,'2012-03-02 09:18:31','5493472436171','BF','Como estas hoy?',-1,NULL,NULL,3,NULL,NULL,NULL,NULL,NULL),
 (87,'2012-03-02 09:20:58','5493472436171','BF','Precioso estas trabajando?',-1,NULL,NULL,3,NULL,NULL,NULL,NULL,NULL),
 (88,'2012-03-02 09:22:47','5493472436171','BF','Bueno! Besossss  nos hablamos',-1,NULL,NULL,3,NULL,NULL,NULL,NULL,NULL),
 (89,'2012-03-06 20:27:43','5493472437449','W','CLIMA',4001,NULL,'',3,NULL,'2012-03-06 20:37:07','1',NULL,NULL),
 (90,'2012-03-06 20:32:01','5493472437449','W','CLIMA',9644,NULL,'',3,NULL,'2012-03-06 20:47:22','1',NULL,NULL),
 (91,'2012-03-06 20:37:13','5493472437449','W','CLIMA',4778,NULL,'',3,NULL,'2012-03-06 20:47:29','1',NULL,NULL),
 (92,'2012-03-06 20:47:27','5493472437449','W','CLIMA',6159,NULL,'',3,NULL,'2012-03-13 01:47:21','*',NULL,NULL),
 (93,'2012-03-06 20:47:46','5493472437449','W','CLIMA',2894,NULL,'',3,NULL,'2012-03-13 01:47:30','*',NULL,NULL),
 (94,'2012-03-06 21:03:10','5493472437449','W','CLIMA',9906,NULL,'',3,NULL,'2012-03-13 01:49:16','*',NULL,NULL),
 (95,'2012-03-06 21:05:30','5493472437449','S','CLIMA',6006,NULL,'116',3,NULL,'2012-03-07 01:46:20','1',NULL,NULL),
 (96,'2012-03-07 01:45:32','5493415460866','C','CLIMA',2320,NULL,NULL,3,NULL,NULL,NULL,NULL,NULL),
 (97,'2012-03-07 18:49:02','5493413091570','BF','Sexo al 636',-1,NULL,NULL,3,NULL,NULL,NULL,NULL,NULL),
 (98,'2012-03-07 09:39:35','5493472436171','BF','El tuchi me trajo 27O pesos para vos! ',-1,NULL,NULL,3,NULL,NULL,NULL,NULL,NULL),
 (99,'2017-10-19 22:33:47',NULL,'BF','Drì£¥L@:rRè£¥L',-1,NULL,NULL,3,NULL,NULL,NULL,NULL,NULL),
 (100,'2012-03-08 01:01:07','5493415460866','C','CLIMA',8595,NULL,'109',3,NULL,'2012-03-14 01:20:21','1',NULL,NULL),
 (102,'2012-03-11 22:14:13','5493472436171','BF','Ok bebe besossss ',-1,NULL,NULL,3,NULL,NULL,NULL,NULL,NULL),
 (103,'2012-03-12 11:42:50','5493472436171','BF','Estas  bien?',-1,NULL,NULL,3,NULL,NULL,NULL,NULL,NULL),
 (104,'2012-03-13 20:58:20','54','BF','Se acreditaron ¿20,00 validos por 20 dias. Recibiste ¿10 promocionales Transaccion: 293684596 realizada el 13/03.',-1,NULL,NULL,3,NULL,NULL,NULL,NULL,NULL),
 (105,'2012-03-13 20:59:41','Claro','BF','Con tu ultima recarga de tarjeta se habilitaron las llamadas gratuitas a tu numero elegido hasta el dia 12-APR-12',-1,NULL,NULL,3,NULL,NULL,NULL,NULL,NULL),
 (106,'2012-03-13 20:59:42','Claro','BF','Con tu ultima recarga de tarjeta se habilitaron las llamadas gratuitas a tu numero elegido hasta el dia 12-APR-12',-1,NULL,NULL,3,NULL,NULL,NULL,NULL,NULL),
 (107,'2012-03-13 23:03:15','3733','BF','Tu nueva clave para acceder al sitio de autogestion de Claro es 5463. Accede ahora a traves de http://www.claro.com.ar',-1,NULL,NULL,3,NULL,NULL,NULL,NULL,NULL),
 (108,'2012-03-13 23:35:40','Claro','BF','Para poder comunicarte con tus destinos libres, recarga una tarjeta de $20 o mas y segui comunicandote GRATIS!',-1,NULL,NULL,3,NULL,NULL,NULL,NULL,NULL),
 (109,'2012-03-14 00:08:19','5493472437449','C','R|T:23.6*L:123*H:36|8239',-1,NULL,'105',3,NULL,'2012-03-14 00:26:53','1',NULL,NULL),
 (110,'2012-03-14 00:56:24','5493472437449','C','R|T:23.6*L:123*H:36|8595',-1,NULL,'108',3,NULL,'2012-03-14 00:57:03','1',NULL,NULL),
 (111,'2012-03-14 01:21:51','5493472437449','C','A|T|50',-1,NULL,'110',3,NULL,'2012-03-14 01:57:27','1','2012-03-14 01:35:39',NULL),
 (112,'2012-03-14 01:50:36','5493472437449','C','A|T|50',-1,NULL,'111',3,NULL,'2012-03-14 01:57:44','1','2012-03-14 01:51:05',NULL),
 (113,'2156-10-19 15:03:41',NULL,'BF','hlì£?òD:bRè£?òè',-1,NULL,NULL,3,NULL,NULL,NULL,NULL,NULL),
 (114,'2012-03-14 02:03:02','5493472437449','C','A|T|50|26',-1,NULL,'114',3,NULL,'2012-03-19 02:34:52','1','2012-03-14 02:03:28',NULL),
 (115,'2012-03-15 12:44:29','Claro','BF','Queremos que te comuniques mas que nunca! Solo por hoy recarga tu Claro y DUPLICA desde $30! TRIPLICA desde $50! Condiciones en www.claro.com.ar',-1,NULL,NULL,3,NULL,NULL,NULL,NULL,NULL),
 (117,'2012-03-19 02:34:57','SERVER','C','OK|26',-1,NULL,'115',3,NULL,'2012-03-19 02:35:55','1',NULL,NULL),
 (118,'2012-03-20 03:14:34','5493415460866','BF','Gratis',-1,NULL,NULL,3,NULL,NULL,NULL,NULL,NULL),
 (119,'2037-10-19 15:03:41',NULL,'BF','hlì£??H!dRè£??ò',-1,NULL,NULL,3,NULL,NULL,NULL,NULL,NULL),
 (120,'2012-03-20 19:31:09','5493415460866','S','CLIMA|31',31,NULL,NULL,3,NULL,NULL,NULL,'2012-03-20 19:33:05',NULL),
 (121,'2012-03-20 19:53:26','5493415460866','C','CLIMA|56',56,NULL,'116',3,NULL,'2012-03-20 21:41:19','1','2012-03-20 21:39:59',NULL),
 (122,'2012-03-20 22:55:52','5493415460866','C','CLIMA|94',94,NULL,'117',3,NULL,'2012-03-20 23:27:42','1','2012-03-20 22:57:25',NULL),
 (123,'2012-03-20 23:28:01','5493415460866','F','CLIMA|67|81',81,NULL,'118',3,'2012-03-20 23:36:55','2012-03-20 23:31:50','1','2012-03-20 23:29:09',NULL),
 (124,'2012-03-20 23:45:47','5493472437449','C','R|T:22*L:12.2*H:36',-1,NULL,'119',3,NULL,'2012-03-21 00:13:20','1','2012-03-21 00:12:32',NULL),
 (125,'2012-03-21 00:15:18','5493415460866','F','CLIMA|99',99,NULL,'120',3,'2012-03-21 00:17:04','2012-03-21 00:15:44','1','2012-03-21 00:15:32',NULL),
 (126,'2012-03-21 00:17:51','5493472437449','C','R|T:22*L:12.2*H:36',-1,NULL,'121',3,NULL,'2012-03-21 00:18:59','1','2012-03-21 00:18:14',NULL),
 (127,'2012-03-21 00:24:58','5493415460866','F','CLIMA|18',18,NULL,'122',3,'2012-03-21 00:26:29','2012-03-21 00:25:35','1','2012-03-21 00:25:23',NULL),
 (128,'2012-03-21 00:27:02','5493472437449','S','R|T:22*L:12.2*H:36',-1,NULL,NULL,3,NULL,NULL,NULL,'2012-03-21 00:27:30',NULL),
 (129,'2012-03-21 00:27:02','5493472437449','BF','R|T:22*L:12.2*H:36',-1,NULL,NULL,3,NULL,NULL,NULL,NULL,NULL),
 (130,'2012-03-21 00:43:51','5493415460866','C','CLIMA|71',71,NULL,'123',3,'2012-03-21 00:46:24','2012-03-21 00:45:01','1','2012-03-21 00:44:41',NULL),
 (131,'2012-03-21 00:45:45','5493472437449','C','R|T:22*L:12.2*H:36|71',-1,NULL,'124',3,NULL,'2012-03-21 00:46:50','1','2012-03-21 00:46:09',NULL),
 (132,'2012-03-21 00:50:52','5493472437449','C','A|T|50|16',-1,NULL,'125',3,NULL,'2012-03-21 01:06:41','1','2012-03-21 01:05:45','16'),
 (133,'2012-03-21 01:06:49','SERVER','C','C|1|16',-1,NULL,'126',3,NULL,'2012-03-21 01:07:13','1',NULL,NULL),
 (134,'2012-03-21 01:10:34','5493472437449','F','EST|BAT|50|11',-1,NULL,NULL,3,NULL,NULL,NULL,'2012-03-21 01:11:38','11'),
 (135,'2012-03-21 01:14:12','5493472437449','C','EST|BAT|50|11',-1,NULL,'129',3,NULL,'2012-03-21 01:21:11','1','2012-03-21 01:14:39','11'),
 (136,'2012-03-21 01:21:11','SERVER','C','C|1|11',-1,NULL,'130',3,NULL,'2012-03-21 01:21:51','1',NULL,NULL),
 (137,'2012-03-21 14:55:55','5491136942681','BF','Con Ford tene ya tu 0KM!!Obtenelo con tu DNI.Te bonificamos hasta 6300 pesos o aceptamos como parte pago tu auto usado!!Para mas Info Manda Ford ahora!',-1,NULL,NULL,3,NULL,NULL,NULL,NULL,NULL),
 (138,'2012-03-21 20:28:12','5493472437449','C','ERR|3',-1,NULL,'132',3,NULL,'2012-03-21 20:30:25','1','2012-03-21 20:28:49',NULL),
 (139,'2012-03-21 20:33:33','5493472437449','S','ERR|3',-1,NULL,'133',3,NULL,'2012-03-21 20:34:40','1','2012-03-21 20:34:07',NULL),
 (140,'2012-03-21 21:16:03','5493415775431','BF','Jajajaja',-1,NULL,NULL,3,NULL,NULL,NULL,NULL,NULL),
 (141,'2012-04-10 15:51:57','Claro','BF','Bienvenido al servicio de Claro.',-1,NULL,NULL,3,NULL,NULL,NULL,NULL,NULL),
 (142,'2012-04-10 15:51:58','Claro','BF','Claro le informa que su password para internet ( www.claro.com.ar ) es  2726',-1,NULL,NULL,3,NULL,NULL,NULL,NULL,NULL),
 (143,'2012-04-10 18:46:21','3733','BF','Tu nueva clave para acceder al sitio de autogestion de Claro es 4879. Accede ahora a traves de http://www.claro.com.ar',-1,NULL,NULL,3,NULL,NULL,NULL,NULL,NULL),
 (144,'2012-04-10 19:11:46','Claro','BF','No tenes saldo en tu cuenta. Tu saldo de abono es de $42,78. Tu saldo vence el 19/04/12. Tu saldo de abono vence el 12/05/12.',-1,NULL,NULL,3,NULL,NULL,NULL,NULL,NULL),
 (145,'2012-04-10 19:11:47','Claro','BF','Tu saldo promocional es de $39,91. Vence el 19/04/12.',-1,NULL,NULL,3,NULL,NULL,NULL,NULL,NULL),
 (146,'2012-04-10 19:11:48','5493413044330','BF','Recibiste 3 llamadas del numero 3413044330, la ultima llamada fue recibida el dia 10/04 a las 15:43 hs. Manda Ideas al 1234 y descarga los mejores contenidos. I',-1,NULL,NULL,3,NULL,NULL,NULL,NULL,NULL),
 (147,'2012-04-10 19:13:01','Claro','BF','No tenes saldo en tu cuenta. Tu saldo de abono es de $42,78. Tu saldo vence el 19/04/12. Tu saldo de abono vence el 12/05/12.',-1,NULL,NULL,3,NULL,NULL,NULL,NULL,NULL),
 (148,'2012-04-10 19:13:02','Claro','BF','Tu saldo promocional es de $39,83. Vence el 19/04/12.',-1,NULL,NULL,3,NULL,NULL,NULL,NULL,NULL),
 (149,'2012-04-10 19:13:57','5493413376143','BF','Por que no??',-1,NULL,NULL,3,NULL,NULL,NULL,NULL,NULL),
 (150,'2012-04-10 19:15:12','Claro','BF','No tenes saldo en tu cuenta. Tu saldo de abono es de $42,78. Tu saldo vence el 19/04/12. Tu saldo de abono vence el 12/05/12.',-1,NULL,NULL,3,NULL,NULL,NULL,NULL,NULL),
 (151,'2012-04-10 19:15:13','Claro','BF','Tu saldo promocional es de $39,75. Vence el 19/04/12.',-1,NULL,NULL,3,NULL,NULL,NULL,NULL,NULL),
 (152,'2012-04-11 08:52:25','5493413775822','BF','Cele viste q se kevanto el paro,vos vas en cole?',-1,NULL,NULL,3,NULL,NULL,NULL,NULL,NULL),
 (153,'2012-04-12 20:51:08','5493472437449','S','D|121012|11:02#T:20.2*L:105*H:99*P:1006',-1,NULL,NULL,3,NULL,NULL,NULL,'2012-04-12 21:05:49',NULL),
 (154,'2012-04-10 14:16:38','5493413376143','BF','Feliz cumple cele!! El gonza no se acordó.. Le dije yo!! Yo si me acorde.. Pero no me mandaba los msj.. Jaja..',-1,NULL,NULL,3,NULL,NULL,NULL,NULL,NULL),
 (155,'2012-04-12 21:20:37','5493472437449','S','D|121012|11:02#T:20.2*L:105*H:99*P:1006',-1,NULL,NULL,3,NULL,NULL,NULL,'2012-04-12 21:21:17',NULL),
 (156,'2012-04-12 21:20:37','5493472437449','C','D|121012|11:02#T:20.2*L:105*H:99*P:1006',-1,NULL,NULL,3,NULL,NULL,NULL,'2012-04-12 21:24:47',NULL),
 (157,'2012-04-12 21:24:32','5493472437449','C','D|121012|11:02#T:20.2*L:105*H:99*P:1006',-1,NULL,NULL,3,NULL,NULL,NULL,'2012-04-12 21:27:29',NULL),
 (158,'2012-09-08 21:24:32','WEB','BF','ON',-1,NULL,NULL,5,NULL,NULL,NULL,NULL,NULL),
 (159,'2012-04-10 14:02:33','7410','BF','Encuesta Claro. Por favor califique nuestra atencion respondiendo con 1, 2 o 3 (sms sin cargo): 1- Excelente; 2- Buena; 3- Mala',-1,NULL,NULL,3,NULL,NULL,NULL,NULL,NULL),
 (160,'2012-04-10 15:51:56','Claro','BF','Bienvenido al servicio de Claro.',-1,NULL,NULL,3,NULL,NULL,NULL,NULL,NULL),
 (161,'2012-04-10 15:51:57','Claro','BF','Claro le informa que su password para internet ( www.claro.com.ar ) es  2726',-1,NULL,NULL,3,NULL,NULL,NULL,NULL,NULL),
 (162,'2012-04-10 18:52:07','3733','BF','Tu nueva clave para acceder al sitio de autogestion de Claro es 0950. Accede ahora a traves de http://www.claro.com.ar',-1,NULL,NULL,3,NULL,NULL,NULL,NULL,NULL),
 (163,'2012-09-08 21:24:32','WEB','FS','ON|74|52',52,NULL,'',5,NULL,'2012-09-19 19:58:00','*',NULL,NULL),
 (164,'2012-09-08 21:24:32','WEB','FS','ON|64|50',50,NULL,NULL,5,NULL,NULL,NULL,NULL,NULL),
 (165,'2012-09-10 11:46:59','Claro','BF','Te quedaste sin saldo? Manda CARGA al 22742 y compra una tarjeta que se cobrara en tu siguiente factura!',-1,NULL,NULL,3,NULL,NULL,NULL,NULL,NULL),
 (166,'2012-09-11 12:24:20','Claro','BF','Solo por enviar CHISME al 20220 podes GANAR 100.000 pesos esta semana! Ademas hay 5.000 por dia con el juego de los famosos! $1,5/dia +bases: claro.com.ar',-1,NULL,NULL,3,NULL,NULL,NULL,NULL,NULL),
 (167,'2013-01-02 20:36:29','5493415460866','BF','Epa',-1,NULL,NULL,3,NULL,NULL,NULL,NULL,NULL),
 (168,'2013-01-02 20:46:13','5493415460866','BF','D|130102|15:32|T:39.169*L:0.000*H:27.730*P:1007.9|85',-1,NULL,NULL,3,NULL,NULL,NULL,NULL,NULL),
 (169,'2013-01-02 20:58:08','5493415460866','C','D|130102|15:32|T:39.169*L:0.000*H:27.730*P:1007.9|85',-1,NULL,NULL,3,NULL,NULL,NULL,'2013-01-02 21:17:12',NULL),
 (170,'2013-01-02 22:58:53','5493416527111','C','D|130102|22:57|T:18.149*L:0.000*H:55.148*P:1007.0|09',-1,NULL,NULL,3,NULL,NULL,NULL,'2013-01-02 23:05:28',NULL),
 (171,'2013-01-02 23:09:44','5493416527111','C','A|T|17.9|10',-1,NULL,'2',3,NULL,'2013-01-02 23:10:09','1','2013-01-02 23:09:54','10'),
 (172,'2013-01-02 23:10:09','SERVER','C','C|1|10',-1,NULL,'3',3,NULL,'2013-01-02 23:10:12','1',NULL,NULL),
 (173,'2013-01-02 23:10:20','5493416527111','BF','ERR|-001|8',-1,NULL,NULL,3,NULL,NULL,NULL,NULL,NULL),
 (174,'2013-01-02 23:25:06','5493416527111','C','D|130102|23:23|T:17.610*L:0.000*H:55.161*P:1007.0|11',-1,NULL,NULL,3,NULL,NULL,NULL,'2013-01-02 23:25:17',NULL),
 (175,'2013-01-02 23:51:18','5493416527111','C','D|130102|23:50|T:17.039*L:0.000*H:55.474*P:1006.8|12',-1,NULL,NULL,3,NULL,NULL,NULL,'2013-01-02 23:51:28',NULL),
 (176,'2013-01-02 23:59:40','5493416527111','C','A|T|16.8|13',-1,NULL,'4',3,NULL,'2013-01-03 00:23:47','1','2013-01-03 00:23:28','13'),
 (177,'2013-01-03 00:23:47','SERVER','C','C|1|13',-1,NULL,'5',3,NULL,'2013-01-03 00:23:50','1',NULL,NULL),
 (178,'2013-01-03 00:23:59','5493416527111','S','ERR|-001|8',-1,NULL,NULL,3,NULL,NULL,NULL,NULL,NULL),
 (179,'2013-01-03 00:43:45','5493416527111','S','D|130103|00:42|T:16.079*L:0.000*H:55.576*P:1007.1|15',-1,NULL,NULL,3,NULL,NULL,NULL,'2013-01-03 00:43:57',NULL),
 (180,'2013-01-03 00:49:40','5493416527111','C','A|T|16.0|16',-1,NULL,'6',3,NULL,'2013-01-03 01:02:47','1','2013-01-03 01:02:27','16'),
 (181,'2013-01-03 01:09:57','5493416527111','C','D|130103|01:08|T:15.669*L:0.000*H:55.607*P:1007.0|17',-1,NULL,NULL,3,NULL,NULL,NULL,'2013-01-03 01:10:05',NULL),
 (183,'2013-01-03 01:36:12','5493416527111','C','D|130103|01:35|T:15.379*L:0.000*H:55.444*P:1006.8|18',-1,NULL,NULL,3,NULL,NULL,NULL,'2013-01-03 01:36:29',NULL),
 (184,'2013-01-03 01:39:39','5493416527111','C','A|T|15.3|19',-1,NULL,'7',3,NULL,'2013-01-03 01:49:25','1','2013-01-03 01:39:46','19'),
 (185,'2013-01-03 01:53:34','1122','BF','Programaremos tu Claro para un mejor acceso a tus servicios. Sigue las instrucciones que iran llegando. Al solicitarte un PIN digita 1234.',-1,NULL,NULL,3,NULL,NULL,NULL,NULL,NULL),
 (186,'2013-01-03 01:53:39','1122','BF','Programaremos tu Claro para un mejor acceso a tus servicios. Sigue las instrucciones que iran llegando. Al solicitarte un PIN digita 1234.',-1,NULL,NULL,3,NULL,NULL,NULL,NULL,NULL),
 (187,'2013-01-03 01:53:44','1122','BF','Programaremos tu Claro para un mejor acceso a tus servicios. Sigue las instrucciones que iran llegando. Al solicitarte un PIN digita 1234.',-1,NULL,NULL,3,NULL,NULL,NULL,NULL,NULL),
 (188,'2013-01-03 02:02:23','5493416527111','C','D|130103|02:01|T:15.059*L:0.000*H:55.427*P:1006.7|20',-1,NULL,NULL,3,NULL,NULL,NULL,'2013-01-03 02:02:34',NULL),
 (189,'2013-01-03 02:29:39','5493416527111','C','A|T|14.6|22',-1,NULL,'13',3,NULL,'2013-01-03 02:29:56','1','2013-01-03 02:29:45','22'),
 (190,'2013-01-03 02:54:50','5493416527111','C','D|130103|02:53|T:14.300*L:0.000*H:55.616*P:1006.5|23',-1,NULL,NULL,3,NULL,NULL,NULL,'2013-01-03 02:54:55',NULL),
 (191,'2013-01-03 03:19:36','5493416527111','C','A|T|14.0|24',-1,NULL,'14',3,NULL,'2013-01-03 03:20:03','1','2013-01-03 03:19:50','24'),
 (192,'2013-01-03 03:21:02','5493416527111','C','D|130103|03:19|T:14.000*L:0.000*H:55.632*P:1006.5|25',-1,NULL,NULL,3,NULL,NULL,NULL,'2013-01-03 03:21:21',NULL),
 (193,'2013-01-03 03:47:12','5493416527111','C','D|130103|03:46|T:13.940*L:0.000*H:55.143*P:1006.1|26',-1,NULL,NULL,3,NULL,NULL,NULL,'2013-01-03 03:47:17',NULL),
 (194,'2013-01-03 04:09:34','5493416527111','C','A|T|13.8|27',-1,NULL,'15',3,NULL,'2013-01-03 04:09:55','1','2013-01-03 04:09:41','27'),
 (195,'2013-01-03 04:13:28','5493416527111','C','D|130103|04:12|T:13.789*L:0.000*H:55.061*P:1006.5|28',-1,NULL,NULL,3,NULL,NULL,NULL,'2013-01-03 04:13:43',NULL),
 (196,'2013-01-03 04:39:38','5493416527111','C','D|130103|04:38|T:13.539*L:0.000*H:55.265*P:1006.5|29',-1,NULL,NULL,3,NULL,NULL,NULL,'2013-01-03 04:39:54',NULL),
 (197,'2013-01-03 04:59:34','5493416527111','C','A|T|13.3|30',-1,NULL,'16',3,NULL,'2013-01-03 05:00:02','1','2013-01-03 04:59:47','30'),
 (198,'2013-01-03 05:05:50','5493416527111','C','D|130103|05:04|T:13.300*L:0.000*H:55.229*P:1006.6|31',-1,NULL,NULL,3,NULL,NULL,NULL,'2013-01-03 05:06:05',NULL),
 (199,'2013-01-03 05:32:05','5493416527111','C','D|130103|05:30|T:13.140*L:0.000*H:55.176*P:1006.4|32',-1,NULL,NULL,3,NULL,NULL,NULL,'2013-01-03 05:32:15',NULL),
 (200,'2013-01-03 05:49:33','5493416527111','C','A|T|13.1|33',-1,NULL,'17',3,NULL,'2013-01-03 05:49:54','1','2013-01-03 05:49:38','33'),
 (201,'2013-01-03 05:58:16','5493416527111','C','D|130103|05:57|T:13.129*L:0.000*H:54.844*P:1006.4|34',-1,NULL,NULL,3,NULL,NULL,NULL,'2013-01-03 05:58:27',NULL),
 (202,'2013-01-03 06:24:31','5493416527111','C','D|130103|06:23|T:13.360*L:0.000*H:54.033*P:1006.7|35',-1,NULL,NULL,3,NULL,NULL,NULL,'2013-01-03 06:24:38',NULL),
 (203,'2013-01-03 06:39:32','5493416527111','C','A|T|13.7|36',-1,NULL,'18',3,NULL,'2013-01-03 06:40:02','1','2013-01-03 06:39:44','36'),
 (204,'2013-01-03 06:50:43','5493416527111','C','D|130103|06:49|T:14.070*L:0.000*H:52.430*P:1006.7|37',-1,NULL,NULL,3,NULL,NULL,NULL,'2013-01-03 06:50:52',NULL),
 (205,'2013-01-03 07:16:58','5493416527111','C','D|130103|07:15|T:15.390*L:0.000*H:50.200*P:1006.9|38',-1,NULL,NULL,3,NULL,NULL,NULL,'2013-01-03 07:17:02',NULL),
 (206,'2013-01-03 07:29:32','5493416527111','C','A|T|15.8|39',-1,NULL,'19',3,NULL,'2013-01-03 07:29:54','1','2013-01-03 07:29:38','39'),
 (207,'2013-01-03 07:43:09','5493416527111','C','D|130103|07:42|T:16.529*L:0.000*H:48.530*P:1006.9|40',-1,NULL,NULL,3,NULL,NULL,NULL,'2013-01-03 07:43:14',NULL),
 (208,'2013-01-03 08:09:23','5493416527111','C','D|130103|08:08|T:17.969*L:0.000*H:46.546*P:1007.1|41',-1,NULL,NULL,3,NULL,NULL,NULL,'2013-01-03 08:09:39',NULL),
 (209,'2013-01-03 08:19:31','5493416527111','C','A|T|18.7|42',-1,NULL,'20',3,NULL,'2013-01-03 08:20:01','1','2013-01-03 08:19:44','42'),
 (210,'2013-01-03 08:33:27','5493416527111','C','A|T|21.0|43',-1,NULL,'21',3,NULL,'2013-01-03 08:33:51','1','2013-01-03 08:33:36','43'),
 (211,'2013-01-03 08:33:27','SERVER','FS','ON',-1,NULL,NULL,5,NULL,NULL,NULL,NULL,NULL),
 (212,'2013-01-03 08:33:27','SERVER','S','ON',-1,NULL,NULL,5,NULL,NULL,NULL,NULL,NULL),
 (213,'2013-01-03 08:33:27','SERVER','P','ON',-1,NULL,NULL,5,NULL,NULL,NULL,NULL,NULL),
 (214,'2013-01-03 08:33:27','SERVER','P','ON',-1,NULL,NULL,5,NULL,NULL,NULL,NULL,NULL),
 (215,'2013-01-04 17:19:13','SERVER','P','ON',-1,NULL,NULL,5,NULL,NULL,NULL,NULL,NULL);
UNLOCK TABLES;
/*!40000 ALTER TABLE `SMS` ENABLE KEYS */;


--
-- Definition of table `smsbd`.`SMS_CONFIRMATION`
--

DROP TABLE IF EXISTS `smsbd`.`SMS_CONFIRMATION`;
CREATE TABLE  `smsbd`.`SMS_CONFIRMATION` (
  `ID_SMS_CONFIRMATION` int(10) unsigned NOT NULL AUTO_INCREMENT,
  `ID_SMS` int(10) unsigned DEFAULT NULL,
  `ID_SMS_REQUEST` int(10) unsigned DEFAULT NULL,
  `ID_STATION` int(10) unsigned DEFAULT NULL,
  PRIMARY KEY (`ID_SMS_CONFIRMATION`)
) ENGINE=InnoDB AUTO_INCREMENT=13 DEFAULT CHARSET=latin1;

--
-- Dumping data for table `smsbd`.`SMS_CONFIRMATION`
--

/*!40000 ALTER TABLE `SMS_CONFIRMATION` DISABLE KEYS */;
LOCK TABLES `SMS_CONFIRMATION` WRITE;
INSERT INTO `smsbd`.`SMS_CONFIRMATION` VALUES  (1,50,49,1),
 (2,52,51,1),
 (3,54,53,1),
 (4,58,57,1),
 (5,62,61,3),
 (6,65,64,3),
 (7,116,114,1),
 (8,117,114,1),
 (9,133,132,1),
 (10,136,135,1),
 (11,172,171,1),
 (12,177,176,1);
UNLOCK TABLES;
/*!40000 ALTER TABLE `SMS_CONFIRMATION` ENABLE KEYS */;


--
-- Definition of table `smsbd`.`SMS_CUSTOMER_REQUEST`
--

DROP TABLE IF EXISTS `smsbd`.`SMS_CUSTOMER_REQUEST`;
CREATE TABLE  `smsbd`.`SMS_CUSTOMER_REQUEST` (
  `ID_SMS_CUSTOMER_REQUEST` int(10) unsigned NOT NULL AUTO_INCREMENT,
  `ID_SMS` int(10) unsigned DEFAULT NULL,
  `ID_STATION` int(10) unsigned DEFAULT NULL,
  `ID_CUSTOMER` int(10) unsigned DEFAULT NULL,
  `ID_SMS_RESPONSE` int(10) unsigned DEFAULT NULL,
  PRIMARY KEY (`ID_SMS_CUSTOMER_REQUEST`)
) ENGINE=InnoDB AUTO_INCREMENT=26 DEFAULT CHARSET=latin1;

--
-- Dumping data for table `smsbd`.`SMS_CUSTOMER_REQUEST`
--

/*!40000 ALTER TABLE `SMS_CUSTOMER_REQUEST` DISABLE KEYS */;
LOCK TABLES `SMS_CUSTOMER_REQUEST` WRITE;
INSERT INTO `smsbd`.`SMS_CUSTOMER_REQUEST` VALUES  (1,16,1,1,NULL),
 (2,17,1,1,18),
 (3,19,1,1,20),
 (4,21,1,1,22),
 (5,59,3,2,64),
 (6,66,4,3,NULL),
 (7,67,4,3,NULL),
 (8,68,4,3,NULL),
 (9,89,4,3,NULL),
 (10,90,4,3,NULL),
 (11,91,4,3,NULL),
 (12,92,4,3,NULL),
 (13,93,4,3,NULL),
 (14,94,4,3,NULL),
 (15,95,4,3,NULL),
 (16,96,4,3,NULL),
 (17,100,1,1,124),
 (18,101,NULL,NULL,NULL),
 (19,120,1,1,NULL),
 (20,121,1,1,126),
 (21,122,1,1,128),
 (22,123,1,1,NULL),
 (23,125,1,1,NULL),
 (24,127,1,1,NULL),
 (25,130,1,1,131);
UNLOCK TABLES;
/*!40000 ALTER TABLE `SMS_CUSTOMER_REQUEST` ENABLE KEYS */;


--
-- Definition of table `smsbd`.`SMS_DAILY_SUMMARY`
--

DROP TABLE IF EXISTS `smsbd`.`SMS_DAILY_SUMMARY`;
CREATE TABLE  `smsbd`.`SMS_DAILY_SUMMARY` (
  `ID_SMS_DAILY_SUMMARY` int(10) unsigned NOT NULL AUTO_INCREMENT,
  `TEST` varchar(45) DEFAULT NULL,
  `ID_SMS` int(10) unsigned DEFAULT NULL,
  PRIMARY KEY (`ID_SMS_DAILY_SUMMARY`)
) ENGINE=InnoDB AUTO_INCREMENT=37 DEFAULT CHARSET=latin1;

--
-- Dumping data for table `smsbd`.`SMS_DAILY_SUMMARY`
--

/*!40000 ALTER TABLE `SMS_DAILY_SUMMARY` DISABLE KEYS */;
LOCK TABLES `SMS_DAILY_SUMMARY` WRITE;
INSERT INTO `smsbd`.`SMS_DAILY_SUMMARY` VALUES  (1,NULL,23),
 (2,NULL,24),
 (3,NULL,25),
 (4,NULL,28),
 (5,NULL,29),
 (6,NULL,30),
 (7,NULL,31),
 (8,NULL,32),
 (9,NULL,33),
 (10,NULL,36),
 (11,NULL,49),
 (12,NULL,153),
 (13,NULL,155),
 (14,NULL,156),
 (15,NULL,157),
 (16,NULL,169),
 (17,NULL,170),
 (18,NULL,174),
 (19,NULL,175),
 (20,NULL,179),
 (21,NULL,181),
 (22,NULL,183),
 (23,NULL,188),
 (24,NULL,190),
 (25,NULL,192),
 (26,NULL,193),
 (27,NULL,195),
 (28,NULL,196),
 (29,NULL,198),
 (30,NULL,199),
 (31,NULL,201),
 (32,NULL,202),
 (33,NULL,204),
 (34,NULL,205),
 (35,NULL,207),
 (36,NULL,208);
UNLOCK TABLES;
/*!40000 ALTER TABLE `SMS_DAILY_SUMMARY` ENABLE KEYS */;


--
-- Definition of table `smsbd`.`SMS_ERROR`
--

DROP TABLE IF EXISTS `smsbd`.`SMS_ERROR`;
CREATE TABLE  `smsbd`.`SMS_ERROR` (
  `ID_SMS_ERROR` int(11) NOT NULL AUTO_INCREMENT,
  `ID_SMS` int(11) DEFAULT NULL,
  `ID_STATION` int(11) DEFAULT NULL,
  `ID_ERROR` int(11) DEFAULT NULL,
  PRIMARY KEY (`ID_SMS_ERROR`)
) ENGINE=InnoDB AUTO_INCREMENT=3 DEFAULT CHARSET=latin1;

--
-- Dumping data for table `smsbd`.`SMS_ERROR`
--

/*!40000 ALTER TABLE `SMS_ERROR` DISABLE KEYS */;
LOCK TABLES `SMS_ERROR` WRITE;
INSERT INTO `smsbd`.`SMS_ERROR` VALUES  (1,138,1,2),
 (2,139,1,2);
UNLOCK TABLES;
/*!40000 ALTER TABLE `SMS_ERROR` ENABLE KEYS */;


--
-- Definition of table `smsbd`.`SMS_OPERATION`
--

DROP TABLE IF EXISTS `smsbd`.`SMS_OPERATION`;
CREATE TABLE  `smsbd`.`SMS_OPERATION` (
  `ID_SMS_OPERATION` int(10) unsigned NOT NULL AUTO_INCREMENT,
  `ID_SMS` int(10) unsigned DEFAULT NULL,
  `ID_STATION` int(10) unsigned DEFAULT NULL,
  `SUCCESS` tinyint(1) DEFAULT '0',
  PRIMARY KEY (`ID_SMS_OPERATION`)
) ENGINE=InnoDB AUTO_INCREMENT=8 DEFAULT CHARSET=latin1;

--
-- Dumping data for table `smsbd`.`SMS_OPERATION`
--

/*!40000 ALTER TABLE `SMS_OPERATION` DISABLE KEYS */;
LOCK TABLES `SMS_OPERATION` WRITE;
INSERT INTO `smsbd`.`SMS_OPERATION` VALUES  (1,163,5,0),
 (2,164,5,0),
 (3,211,5,0),
 (4,212,5,0),
 (5,213,5,0),
 (6,214,5,0),
 (7,215,5,0);
UNLOCK TABLES;
/*!40000 ALTER TABLE `SMS_OPERATION` ENABLE KEYS */;


--
-- Definition of table `smsbd`.`SMS_RESPONSE`
--

DROP TABLE IF EXISTS `smsbd`.`SMS_RESPONSE`;
CREATE TABLE  `smsbd`.`SMS_RESPONSE` (
  `ID_SMS_RESPONSE` int(10) unsigned NOT NULL AUTO_INCREMENT,
  `ID_SMS` int(10) unsigned DEFAULT NULL,
  `TO_` varchar(45) DEFAULT NULL,
  `FRIENDLYTEXT` varchar(160) DEFAULT NULL,
  PRIMARY KEY (`ID_SMS_RESPONSE`)
) ENGINE=InnoDB AUTO_INCREMENT=15 DEFAULT CHARSET=latin1;

--
-- Dumping data for table `smsbd`.`SMS_RESPONSE`
--

/*!40000 ALTER TABLE `SMS_RESPONSE` DISABLE KEYS */;
LOCK TABLES `SMS_RESPONSE` WRITE;
INSERT INTO `smsbd`.`SMS_RESPONSE` VALUES  (1,18,'5493472436171','Lluvia : 25 mmHumedad : 32 %Temperatura : 22 °C'),
 (2,20,'5493472436171','Temperatura : 22 °C Humedad : 32 % Lluvia : 25 mm'),
 (3,22,'5493472436171','Humedad : 32 % Temperatura : 22 °C Lluvia : 25 mm'),
 (4,26,NULL,NULL),
 (5,55,NULL,NULL),
 (6,57,NULL,NULL),
 (7,61,'5493415775431','Humedad:56 % ,Lluvia:124 mm ,Presion:1234 hPas ,Temperatura:23.6 °C'),
 (8,64,'5493415775431','Presion:1234 hPas ,Lluvia:124 mm ,Humedad:56 % ,Temperatura:23.6 °C'),
 (9,109,'5493415460866','Temperatura:23.6 °C ,Lluvia:123 mm ,Humedad:36 %'),
 (10,110,'5493415460866','Lluvia: 123 mm, Temperatura: 23.6 °C, Humedad: 36 %'),
 (11,124,'5493415460866','Temperatura: 22 °C, Lluvia: 12.2 mm, Humedad: 36 %'),
 (12,126,'5493415460866','Temperatura: 22 °C, Humedad: 36 %, Lluvia: 12.2 mm'),
 (13,128,'5493415460866','Humedad: 36 %, Temperatura: 22 °C, Lluvia: 12.2 mm'),
 (14,131,'5493415460866','Temperatura: 22 °C, Lluvia: 12.2 mm, Humedad: 36 %');
UNLOCK TABLES;
/*!40000 ALTER TABLE `SMS_RESPONSE` ENABLE KEYS */;


--
-- Definition of table `smsbd`.`SMS_STATION_EVENT`
--

DROP TABLE IF EXISTS `smsbd`.`SMS_STATION_EVENT`;
CREATE TABLE  `smsbd`.`SMS_STATION_EVENT` (
  `ID_SMS_STATION_EVENT` int(10) unsigned NOT NULL AUTO_INCREMENT,
  `ID_SMS` int(10) unsigned DEFAULT NULL,
  `ID_STATION` int(10) unsigned DEFAULT NULL,
  `ID_CUSTOMER` int(10) unsigned DEFAULT NULL,
  `ALERT_CODE` varchar(5) DEFAULT NULL,
  `VALUE` varchar(5) DEFAULT NULL,
  PRIMARY KEY (`ID_SMS_STATION_EVENT`)
) ENGINE=InnoDB AUTO_INCREMENT=44 DEFAULT CHARSET=latin1;

--
-- Dumping data for table `smsbd`.`SMS_STATION_EVENT`
--

/*!40000 ALTER TABLE `SMS_STATION_EVENT` DISABLE KEYS */;
LOCK TABLES `SMS_STATION_EVENT` WRITE;
INSERT INTO `smsbd`.`SMS_STATION_EVENT` VALUES  (10,11,1,1,'T','22.2'),
 (11,12,1,1,'T','22.2'),
 (12,13,1,1,'T','22.2'),
 (13,14,1,1,'T','22.2'),
 (14,15,1,1,'T','22.2'),
 (15,27,1,1,'X','2'),
 (16,34,NULL,NULL,NULL,NULL),
 (17,35,1,1,'T','22.2'),
 (18,39,1,1,'T','22.2'),
 (19,40,1,1,'T','22.2'),
 (20,41,1,1,'T','22.2'),
 (21,42,NULL,NULL,NULL,NULL),
 (22,43,NULL,NULL,NULL,NULL),
 (23,44,NULL,NULL,NULL,NULL),
 (24,45,1,1,'T','22.6'),
 (25,51,1,1,'T','45'),
 (26,53,1,1,'T','45'),
 (27,111,1,1,'T','50'),
 (28,112,1,1,'T','50'),
 (29,114,1,1,'T','50'),
 (30,132,1,1,'T','50'),
 (31,171,1,1,'T','17.9'),
 (32,176,1,1,'T','16.8'),
 (33,180,5,1,'T','16.0'),
 (34,184,5,1,'T','15.3'),
 (35,189,5,1,'T','14.6'),
 (36,191,5,1,'T','14.0'),
 (37,194,5,1,'T','13.8'),
 (38,197,5,1,'T','13.3'),
 (39,200,5,1,'T','13.1'),
 (40,203,5,1,'T','13.7'),
 (41,206,5,1,'T','15.8'),
 (42,209,5,1,'T','18.7'),
 (43,210,5,1,'T','21.0');
UNLOCK TABLES;
/*!40000 ALTER TABLE `SMS_STATION_EVENT` ENABLE KEYS */;


--
-- Definition of table `smsbd`.`SMS_STATUS`
--

DROP TABLE IF EXISTS `smsbd`.`SMS_STATUS`;
CREATE TABLE  `smsbd`.`SMS_STATUS` (
  `ID_SMS_STATUS` int(10) unsigned NOT NULL AUTO_INCREMENT,
  `ID_SMS` int(10) unsigned DEFAULT NULL,
  `ID_STATION` int(10) unsigned DEFAULT NULL,
  `ALERT_VARIABLE` varchar(5) DEFAULT NULL,
  `VALUE` varchar(5) DEFAULT NULL,
  PRIMARY KEY (`ID_SMS_STATUS`)
) ENGINE=InnoDB AUTO_INCREMENT=3 DEFAULT CHARSET=latin1;

--
-- Dumping data for table `smsbd`.`SMS_STATUS`
--

/*!40000 ALTER TABLE `SMS_STATUS` DISABLE KEYS */;
LOCK TABLES `SMS_STATUS` WRITE;
INSERT INTO `smsbd`.`SMS_STATUS` VALUES  (1,134,1,'BAT','50'),
 (2,135,1,'BAT','50');
UNLOCK TABLES;
/*!40000 ALTER TABLE `SMS_STATUS` ENABLE KEYS */;


--
-- Definition of table `smsbd`.`STATION`
--

DROP TABLE IF EXISTS `smsbd`.`STATION`;
CREATE TABLE  `smsbd`.`STATION` (
  `ID_STATION` int(10) unsigned NOT NULL AUTO_INCREMENT,
  `STATUS` varchar(45) DEFAULT NULL,
  `ID_SIMCARD` int(10) unsigned DEFAULT NULL,
  `ID_CUSTOMER` int(10) unsigned DEFAULT NULL,
  PRIMARY KEY (`ID_STATION`)
) ENGINE=InnoDB AUTO_INCREMENT=6 DEFAULT CHARSET=latin1;

--
-- Dumping data for table `smsbd`.`STATION`
--

/*!40000 ALTER TABLE `STATION` DISABLE KEYS */;
LOCK TABLES `STATION` WRITE;
INSERT INTO `smsbd`.`STATION` VALUES  (2,'1',2,1),
 (3,'1',1,2),
 (4,'1',9,3),
 (5,'1',6,1);
UNLOCK TABLES;
/*!40000 ALTER TABLE `STATION` ENABLE KEYS */;


--
-- Definition of table `smsbd`.`THREAD`
--

DROP TABLE IF EXISTS `smsbd`.`THREAD`;
CREATE TABLE  `smsbd`.`THREAD` (
  `ID_THREAD` int(10) unsigned NOT NULL AUTO_INCREMENT,
  `TYPE` varchar(5) DEFAULT NULL,
  `NAME` varchar(45) DEFAULT NULL,
  `ENABLE` tinyint(1) DEFAULT NULL,
  `STARTED` tinyint(1) DEFAULT NULL,
  `ID_GSMMODEM` int(10) unsigned DEFAULT NULL,
  PRIMARY KEY (`ID_THREAD`) USING BTREE
) ENGINE=InnoDB AUTO_INCREMENT=3 DEFAULT CHARSET=latin1;

--
-- Dumping data for table `smsbd`.`THREAD`
--

/*!40000 ALTER TABLE `THREAD` DISABLE KEYS */;
LOCK TABLES `THREAD` WRITE;
INSERT INTO `smsbd`.`THREAD` VALUES  (1,'R','RECEPTOR-1',1,1,1),
 (2,'S','SENDER-1',1,1,1);
UNLOCK TABLES;
/*!40000 ALTER TABLE `THREAD` ENABLE KEYS */;


--
-- Definition of table `smsbd`.`USER`
--

DROP TABLE IF EXISTS `smsbd`.`USER`;
CREATE TABLE  `smsbd`.`USER` (
  `ID_USER` int(10) unsigned NOT NULL AUTO_INCREMENT,
  `NAME` varchar(45) NOT NULL,
  `LAST_NAME` varchar(45) NOT NULL,
  `EMAIL` varchar(45) NOT NULL,
  `ID_SIMCARD` int(10) unsigned NOT NULL,
  `IS_ACTIVE` tinyint(1) DEFAULT NULL,
  `PASSWORD` varchar(45) DEFAULT NULL,
  PRIMARY KEY (`ID_USER`)
) ENGINE=InnoDB AUTO_INCREMENT=3 DEFAULT CHARSET=latin1;

--
-- Dumping data for table `smsbd`.`USER`
--

/*!40000 ALTER TABLE `USER` DISABLE KEYS */;
LOCK TABLES `USER` WRITE;
INSERT INTO `smsbd`.`USER` VALUES  (1,'Carlos','Fontana','cfontana0@gmail.com',3,0,'cfontana0@gmail.com'),
 (2,'Juan','Martini','jcruzmartini@gmail.com',1,1,'jcruzmartini@gmail.com');
UNLOCK TABLES;
/*!40000 ALTER TABLE `USER` ENABLE KEYS */;


--
-- Definition of table `smsbd`.`VARIABLE`
--

DROP TABLE IF EXISTS `smsbd`.`VARIABLE`;
CREATE TABLE  `smsbd`.`VARIABLE` (
  `ID_VARIABLE` int(10) unsigned NOT NULL AUTO_INCREMENT,
  `DESCRIPTION` varchar(45) DEFAULT NULL,
  `UNIT` varchar(45) DEFAULT NULL,
  `CODE` varchar(45) DEFAULT NULL,
  `IS_METEOROLOGICAL` tinyint(1) DEFAULT '1',
  PRIMARY KEY (`ID_VARIABLE`)
) ENGINE=InnoDB AUTO_INCREMENT=7 DEFAULT CHARSET=latin1;

--
-- Dumping data for table `smsbd`.`VARIABLE`
--

/*!40000 ALTER TABLE `VARIABLE` DISABLE KEYS */;
LOCK TABLES `VARIABLE` WRITE;
INSERT INTO `smsbd`.`VARIABLE` VALUES  (1,'Temperatura','°C','T',1),
 (2,'Lluvia','mm','L',1),
 (3,'Humedad','%','H',1),
 (4,'Presion','hPas','P',1),
 (5,'Nivel Bateria','%','BAT',0),
 (6,'Temperatura Interna','°C','TEMP',0);
UNLOCK TABLES;
/*!40000 ALTER TABLE `VARIABLE` ENABLE KEYS */;




/*!40101 SET SQL_MODE=@OLD_SQL_MODE */;
/*!40014 SET FOREIGN_KEY_CHECKS=@OLD_FOREIGN_KEY_CHECKS */;
/*!40014 SET UNIQUE_CHECKS=@OLD_UNIQUE_CHECKS */;
/*!40101 SET CHARACTER_SET_CLIENT=@OLD_CHARACTER_SET_CLIENT */;
/*!40101 SET CHARACTER_SET_RESULTS=@OLD_CHARACTER_SET_RESULTS */;
/*!40101 SET COLLATION_CONNECTION=@OLD_COLLATION_CONNECTION */;
/*!40101 SET CHARACTER_SET_CLIENT=@OLD_CHARACTER_SET_CLIENT */;
