-- MySQL Administrator dump 1.4
--
-- ------------------------------------------------------
-- Server version	5.1.63-0ubuntu0.10.04.1


/*!40101 SET @OLD_CHARACTER_SET_CLIENT=@@CHARACTER_SET_CLIENT */;
/*!40101 SET @OLD_CHARACTER_SET_RESULTS=@@CHARACTER_SET_RESULTS */;
/*!40101 SET @OLD_COLLATION_CONNECTION=@@COLLATION_CONNECTION */;
/*!40101 SET NAMES utf8 */;

/*!40014 SET @OLD_UNIQUE_CHECKS=@@UNIQUE_CHECKS, UNIQUE_CHECKS=0 */;
/*!40014 SET @OLD_FOREIGN_KEY_CHECKS=@@FOREIGN_KEY_CHECKS, FOREIGN_KEY_CHECKS=0 */;
/*!40101 SET @OLD_SQL_MODE=@@SQL_MODE, SQL_MODE='NO_AUTO_VALUE_ON_ZERO' */;


--
-- Create schema smsbd
--

CREATE DATABASE IF NOT EXISTS smsbd;
USE smsbd;

--
-- Definition of table `smsbd`.`ALERT`
--

DROP TABLE IF EXISTS `smsbd`.`ALERT`;
CREATE TABLE  `smsbd`.`ALERT` (
  `ID_ALERT` int(10) unsigned NOT NULL AUTO_INCREMENT,
  `ID_VARIABLE` int(10) unsigned DEFAULT NULL,
  `ALERT_DESCRIPTION` varchar(45) DEFAULT NULL,
  `CODE` varchar(5) DEFAULT NULL,
  PRIMARY KEY (`ID_ALERT`)
) ENGINE=InnoDB AUTO_INCREMENT=6 DEFAULT CHARSET=latin1;

--
-- Dumping data for table `smsbd`.`ALERT`
--

/*!40000 ALTER TABLE `ALERT` DISABLE KEYS */;
LOCK TABLES `ALERT` WRITE;
INSERT INTO `smsbd`.`ALERT` VALUES  (1,1,'Alerta Temperatura Maxima','T'),
 (2,2,'Alerta Lluvia','P'),
 (3,3,'Alerta humedad Máxima','H'),
 (4,5,'Alerta Nivel bateria de la EMA muy bajo','BAT'),
 (5,6,'Alerta Temperatura interna de la EMA muy alta','TEMP');
UNLOCK TABLES;
/*!40000 ALTER TABLE `ALERT` ENABLE KEYS */;


--
-- Definition of table `smsbd`.`CUSTOMER`
--

DROP TABLE IF EXISTS `smsbd`.`CUSTOMER`;
CREATE TABLE  `smsbd`.`CUSTOMER` (
  `ID_CUSTOMER` int(10) unsigned NOT NULL AUTO_INCREMENT,
  `NAME` varchar(45) DEFAULT NULL,
  `LAST_NAME` varchar(45) DEFAULT NULL,
  `EMAIL` varchar(45) DEFAULT NULL,
  `ADDRESS` varchar(45) DEFAULT NULL,
  `CITY` varchar(45) DEFAULT NULL,
  `PROVINCE` varchar(45) DEFAULT NULL,
  `STATUS` varchar(1) DEFAULT NULL,
  PRIMARY KEY (`ID_CUSTOMER`)
) ENGINE=InnoDB AUTO_INCREMENT=5 DEFAULT CHARSET=latin1;

--
-- Dumping data for table `smsbd`.`CUSTOMER`
--

/*!40000 ALTER TABLE `CUSTOMER` DISABLE KEYS */;
LOCK TABLES `CUSTOMER` WRITE;
INSERT INTO `smsbd`.`CUSTOMER` VALUES  (1,'Juan Cruz','Martini','jcruzmartini@gmail.com','Testing 1','Marcos Juarez','Cordoba','E'),
 (2,'Probando','Avances',NULL,'jcruzmartini@gmail.com','Rosario','Santa Fe','E'),
 (3,'Carlos','Fontana','','','','','E'),
 (4,NULL,NULL,NULL,NULL,NULL,NULL,NULL);
UNLOCK TABLES;
/*!40000 ALTER TABLE `CUSTOMER` ENABLE KEYS */;


--
-- Definition of table `smsbd`.`ERROR`
--

DROP TABLE IF EXISTS `smsbd`.`ERROR`;
CREATE TABLE  `smsbd`.`ERROR` (
  `ID_ERROR` int(10) unsigned NOT NULL AUTO_INCREMENT,
  `DESCRIPTION` varchar(125) DEFAULT NULL,
  `COD_ERROR` varchar(3) DEFAULT NULL,
  PRIMARY KEY (`ID_ERROR`)
) ENGINE=InnoDB AUTO_INCREMENT=4 DEFAULT CHARSET=latin1;

--
-- Dumping data for table `smsbd`.`ERROR`
--

/*!40000 ALTER TABLE `ERROR` DISABLE KEYS */;
LOCK TABLES `ERROR` WRITE;
INSERT INTO `smsbd`.`ERROR` VALUES  (1,'Error en baja de alarma - La alarma no esta dada de alta','2'),
 (2,'Error en el sensor de temperatura','3'),
 (3,'Error generico','0');
UNLOCK TABLES;
/*!40000 ALTER TABLE `ERROR` ENABLE KEYS */;


--
-- Definition of table `smsbd`.`GSMMODEM`
--

DROP TABLE IF EXISTS `smsbd`.`GSMMODEM`;
CREATE TABLE  `smsbd`.`GSMMODEM` (
  `ID_GSMMODEM` int(10) unsigned NOT NULL AUTO_INCREMENT,
  `BRANCH` varchar(45) DEFAULT NULL,
  `MODEL` varchar(45) DEFAULT NULL,
  `PORT` varchar(12) DEFAULT NULL,
  `BAUDIOS` int(10) unsigned DEFAULT NULL,
  `PIN_SIM` varchar(45) DEFAULT NULL,
  `IS_SENDER` tinyint(1) DEFAULT NULL,
  `IS_RECEIVER` tinyint(1) DEFAULT NULL,
  `ID_SIMCARD` int(10) unsigned DEFAULT NULL,
  `ENABLE` tinyint(1) DEFAULT NULL,
  PRIMARY KEY (`ID_GSMMODEM`)
) ENGINE=InnoDB AUTO_INCREMENT=2 DEFAULT CHARSET=latin1;

--
-- Dumping data for table `smsbd`.`GSMMODEM`
--

/*!40000 ALTER TABLE `GSMMODEM` DISABLE KEYS */;
LOCK TABLES `GSMMODEM` WRITE;
INSERT INTO `smsbd`.`GSMMODEM` VALUES  (1,'WAVECOM','2DEE','/dev/ttyS0',115200,'0000',1,1,6,1);
UNLOCK TABLES;
/*!40000 ALTER TABLE `GSMMODEM` ENABLE KEYS */;


--
-- Definition of table `smsbd`.`MEASURES`
--

DROP TABLE IF EXISTS `smsbd`.`MEASURES`;
CREATE TABLE  `smsbd`.`MEASURES` (
  `ID_MEASURE` int(10) unsigned NOT NULL AUTO_INCREMENT,
  `ID_STATION` int(10) unsigned DEFAULT NULL,
  `ID_VARIABLE` varchar(45) DEFAULT NULL,
  `VALUE` double DEFAULT NULL,
  `DATE` datetime DEFAULT NULL,
  PRIMARY KEY (`ID_MEASURE`)
) ENGINE=InnoDB AUTO_INCREMENT=139 DEFAULT CHARSET=latin1;

--
-- Dumping data for table `smsbd`.`MEASURES`
--

/*!40000 ALTER TABLE `MEASURES` DISABLE KEYS */;
LOCK TABLES `MEASURES` WRITE;
INSERT INTO `smsbd`.`MEASURES` VALUES  (43,1,'2',25,'2011-03-21 06:00:45'),
 (44,1,'1',25.2,'2011-03-21 06:00:45'),
 (45,1,'3',25,'2011-03-21 06:00:45'),
 (46,1,'2',25,'2011-03-21 03:00:45'),
 (47,1,'1',25.2,'2011-03-21 03:00:45'),
 (48,1,'3',25,'2011-03-21 03:00:45'),
 (49,1,'2',25,'2011-03-21 05:00:45'),
 (50,1,'1',25.2,'2011-03-21 05:00:45'),
 (51,1,'3',25,'2011-03-21 05:00:45'),
 (52,1,'3',25,'2011-03-21 02:00:45'),
 (53,1,'1',25.2,'2011-03-21 02:00:45'),
 (54,1,'2',25,'2011-03-21 02:00:45'),
 (55,1,'1',25.2,'2011-03-21 01:00:45'),
 (56,1,'2',25,'2011-03-21 01:00:45'),
 (57,1,'3',25,'2011-03-21 01:00:45'),
 (58,1,'2',25,'2011-03-21 04:00:45'),
 (59,1,'1',25.2,'2011-03-21 04:00:45'),
 (60,1,'3',25,'2011-03-21 04:00:45'),
 (61,1,'2',25,'2011-03-21 06:00:54'),
 (62,1,'3',25,'2011-03-21 06:00:54'),
 (63,1,'1',25.2,'2011-03-21 06:00:54'),
 (64,1,'3',25,'2011-03-21 03:00:54'),
 (65,1,'1',25.2,'2011-03-21 03:00:54'),
 (66,1,'2',25,'2011-03-21 03:00:54'),
 (67,1,'2',25,'2011-03-21 05:00:54'),
 (68,1,'3',25,'2011-03-21 05:00:54'),
 (69,1,'1',25.2,'2011-03-21 05:00:54'),
 (70,1,'2',25,'2011-03-21 02:00:54'),
 (71,1,'1',25.2,'2011-03-21 02:00:54'),
 (72,1,'3',25,'2011-03-21 02:00:54'),
 (73,1,'2',25,'2011-03-21 01:00:54'),
 (74,1,'1',25.2,'2011-03-21 01:00:54'),
 (75,1,'3',25,'2011-03-21 01:00:54'),
 (76,1,'1',25.2,'2011-03-21 04:00:54'),
 (77,1,'2',25,'2011-03-21 04:00:54'),
 (78,1,'3',25,'2011-03-21 04:00:54'),
 (79,1,'1',25.2,'2011-03-22 06:00:16'),
 (80,1,'3',25,'2011-03-22 06:00:16'),
 (81,1,'2',25,'2011-03-22 06:00:16'),
 (82,1,'2',25,'2011-03-22 03:00:16'),
 (83,1,'3',25,'2011-03-22 03:00:16'),
 (84,1,'1',25.2,'2011-03-22 03:00:16'),
 (85,1,'3',25,'2011-03-22 05:00:16'),
 (86,1,'1',25.2,'2011-03-22 05:00:16'),
 (87,1,'2',25,'2011-03-22 05:00:16'),
 (88,1,'3',25,'2011-03-22 02:00:16'),
 (89,1,'2',25,'2011-03-22 02:00:16'),
 (90,1,'1',25.2,'2011-03-22 02:00:16'),
 (91,1,'3',25,'2011-03-22 01:00:16'),
 (92,1,'1',25.2,'2011-03-22 01:00:16'),
 (93,1,'2',25,'2011-03-22 01:00:16'),
 (94,1,'2',25,'2011-03-22 04:00:16'),
 (95,1,'1',25.2,'2011-03-22 04:00:16'),
 (96,1,'3',25,'2011-03-22 04:00:16'),
 (97,1,'1',25.2,'2011-03-29 06:00:00'),
 (98,1,'2',25,'2011-03-29 06:00:00'),
 (99,1,'3',25,'2011-03-29 06:00:00'),
 (100,1,'1',25.2,'2011-03-29 03:00:00'),
 (101,1,'3',25,'2011-03-29 03:00:00'),
 (102,1,'2',25,'2011-03-29 03:00:00'),
 (103,1,'1',25.2,'2011-03-29 05:00:00'),
 (104,1,'2',25,'2011-03-29 05:00:00'),
 (105,1,'3',25,'2011-03-29 05:00:00'),
 (106,1,'1',25.2,'2011-03-29 02:00:00'),
 (107,1,'3',25,'2011-03-29 02:00:00'),
 (108,1,'2',25,'2011-03-29 02:00:00'),
 (109,1,'1',25.2,'2011-03-29 01:00:00'),
 (110,1,'2',25,'2011-03-29 01:00:00'),
 (111,1,'3',25,'2011-03-29 01:00:00'),
 (112,1,'1',25.2,'2011-03-29 04:00:00'),
 (113,1,'2',25,'2011-03-29 04:00:00'),
 (114,1,'3',25,'2011-03-29 04:00:00'),
 (115,1,'2',180.1,'2016-10-12 11:16:00'),
 (116,1,'3',99,'2016-10-12 11:16:00'),
 (117,1,'4',1002,'2016-10-12 11:16:00'),
 (118,1,'1',45,'2016-10-12 11:16:00'),
 (119,1,'4',1002,'2016-10-12 11:16:00'),
 (120,1,'1',45,'2016-10-12 11:16:00'),
 (121,1,'3',99,'2016-10-12 11:16:00'),
 (122,1,'2',180.1,'2016-10-12 11:16:00'),
 (123,1,'3',99,'2012-10-12 11:02:00'),
 (124,1,'4',1006,'2012-10-12 11:02:00'),
 (125,1,'2',105,'2012-10-12 11:02:00'),
 (126,1,'1',20.2,'2012-10-12 11:02:00'),
 (127,1,'1',20.2,'2012-10-12 11:02:00'),
 (128,1,'3',99,'2012-10-12 11:02:00'),
 (129,1,'4',1006,'2012-10-12 11:02:00'),
 (130,1,'2',105,'2012-10-12 11:02:00'),
 (131,1,'4',1006,'2012-10-12 11:02:00'),
 (132,1,'1',20.2,'2012-10-12 11:02:00'),
 (133,1,'3',99,'2012-10-12 11:02:00'),
 (134,1,'2',105,'2012-10-12 11:02:00'),
 (135,1,'4',1006,'2012-10-12 11:02:00'),
 (136,1,'1',20.2,'2012-10-12 11:02:00'),
 (137,1,'3',99,'2012-10-12 11:02:00'),
 (138,1,'2',105,'2012-10-12 11:02:00');
UNLOCK TABLES;
/*!40000 ALTER TABLE `MEASURES` ENABLE KEYS */;


--
-- Definition of table `smsbd`.`RESPONSE`
--

DROP TABLE IF EXISTS `smsbd`.`RESPONSE`;
CREATE TABLE  `smsbd`.`RESPONSE` (
  `ID_RESPONSE` int(11) NOT NULL AUTO_INCREMENT,
  `DESCRIPTION` varchar(45) NOT NULL,
  `VALUE` varchar(5) NOT NULL,
  `SUCCESS` tinyint(1) NOT NULL,
  PRIMARY KEY (`ID_RESPONSE`)
) ENGINE=MyISAM AUTO_INCREMENT=7 DEFAULT CHARSET=latin1;

--
-- Dumping data for table `smsbd`.`RESPONSE`
--

/*!40000 ALTER TABLE `RESPONSE` DISABLE KEYS */;
LOCK TABLES `RESPONSE` WRITE;
INSERT INTO `smsbd`.`RESPONSE` VALUES  (1,'Error generico','-0001',0),
 (2,'Incializacion de EEPROM correcto','0004',1),
 (3,'Baja de Alarma correcto','0003',1),
 (4,'Alta de Alarma correcto','0002',1),
 (5,'Seteo de RTC correcto','0005',1),
 (6,'Encendido correcto','0000',1);
UNLOCK TABLES;
/*!40000 ALTER TABLE `RESPONSE` ENABLE KEYS */;


--
-- Definition of table `smsbd`.`RULESXCUSTOMER`
--

DROP TABLE IF EXISTS `smsbd`.`RULESXCUSTOMER`;
CREATE TABLE  `smsbd`.`RULESXCUSTOMER` (
  `ID_RULE` int(10) unsigned NOT NULL DEFAULT '0',
  `ID_CUSTOMER` int(10) unsigned NOT NULL DEFAULT '0',
  `ORDER` int(10) unsigned DEFAULT NULL,
  PRIMARY KEY (`ID_RULE`,`ID_CUSTOMER`)
) ENGINE=InnoDB DEFAULT CHARSET=latin1;

--
-- Dumping data for table `smsbd`.`RULESXCUSTOMER`
--

/*!40000 ALTER TABLE `RULESXCUSTOMER` DISABLE KEYS */;
LOCK TABLES `RULESXCUSTOMER` WRITE;
INSERT INTO `smsbd`.`RULESXCUSTOMER` VALUES  (1,1,1),
 (2,1,2);
UNLOCK TABLES;
/*!40000 ALTER TABLE `RULESXCUSTOMER` ENABLE KEYS */;


--
-- Definition of table `smsbd`.`SIMCARD`
--

DROP TABLE IF EXISTS `smsbd`.`SIMCARD`;
CREATE TABLE  `smsbd`.`SIMCARD` (
  `ID_SIMCARD` int(10) unsigned NOT NULL AUTO_INCREMENT,
  `NUMBER` varchar(45) DEFAULT NULL,
  `COMPANY` varchar(45) DEFAULT NULL,
  `ID_CUSTOMER` int(10) unsigned DEFAULT NULL,
  PRIMARY KEY (`ID_SIMCARD`)
) ENGINE=InnoDB AUTO_INCREMENT=8 DEFAULT CHARSET=latin1;

--
-- Dumping data for table `smsbd`.`SIMCARD`
--

/*!40000 ALTER TABLE `SIMCARD` DISABLE KEYS */;
LOCK TABLES `SIMCARD` WRITE;
INSERT INTO `smsbd`.`SIMCARD` VALUES  (1,'5493415460866','CLARO',1),
 (2,'5493472436172','CLARO',2),
 (3,'5493415775431','MOVISTAR',0),
 (4,'5493413091570','MOVISTAR',3),
 (5,'5493472437449','CLARO',NULL),
 (6,'5493416527111','CLARO',NULL),
 (7,'5493416527105','CLARO',NULL);
UNLOCK TABLES;
/*!40000 ALTER TABLE `SIMCARD` ENABLE KEYS */;


--
-- Definition of table `smsbd`.`SMS`
--

DROP TABLE IF EXISTS `smsbd`.`SMS`;
CREATE TABLE  `smsbd`.`SMS` (
  `ID_SMS` int(10) unsigned NOT NULL AUTO_INCREMENT,
  `DATE` datetime DEFAULT NULL,
  `FROME` varchar(45) DEFAULT NULL,
  `STATE` varchar(10) DEFAULT NULL,
  `TEXT` varchar(165) DEFAULT NULL,
  `TOKEN_NUMBER` int(11) DEFAULT '-1',
  `ERROR_CODE` varchar(45) DEFAULT NULL,
  `REF_NUMBER` varchar(45) DEFAULT NULL,
  `RETRIES` int(10) unsigned NOT NULL DEFAULT '5',
  `DELIVERED_AT` datetime DEFAULT NULL,
  `SENT_AT` datetime DEFAULT NULL,
  `SENT_BY_MODEM_ID` varchar(5) DEFAULT NULL,
  `RECEIVED_AT` datetime DEFAULT NULL,
  `CONFIRMATION_ID` varchar(5) DEFAULT NULL,
  PRIMARY KEY (`ID_SMS`)
) ENGINE=InnoDB AUTO_INCREMENT=164 DEFAULT CHARSET=latin1;

--
-- Dumping data for table `smsbd`.`SMS`
--

/*!40000 ALTER TABLE `SMS` DISABLE KEYS */;
LOCK TABLES `SMS` WRITE;
INSERT INTO `smsbd`.`SMS` VALUES  (10,'2011-03-18 00:00:00','5493415460866','S','A|T|22.2',-1,NULL,NULL,5,NULL,NULL,NULL,NULL,NULL),
 (11,'2011-03-19 00:00:00','5493415460866','S','A|T|22.2',-1,NULL,NULL,5,NULL,NULL,NULL,NULL,NULL),
 (12,'2011-03-19 00:00:00','5493415460866','S','A|T|22.2',-1,NULL,NULL,5,NULL,NULL,NULL,NULL,NULL),
 (13,'2011-03-19 00:00:00','5493415460866','S','A|T|22.2',-1,NULL,NULL,5,NULL,NULL,NULL,NULL,NULL),
 (14,'2011-03-19 00:00:00','5493415460866','C','A|T|22.2',-1,NULL,NULL,5,NULL,NULL,NULL,NULL,NULL),
 (15,'2011-03-19 00:00:00','5493415460866','C','A|T|22.2',-1,NULL,NULL,5,NULL,NULL,NULL,NULL,NULL),
 (16,'2011-03-19 00:00:00','5493472436171','C','Tiempo',-1,NULL,NULL,5,NULL,NULL,NULL,NULL,NULL),
 (17,'2011-03-19 00:00:00','5493472436171','C','Tiempo',-1,NULL,NULL,5,NULL,NULL,NULL,NULL,NULL),
 (18,'2011-03-19 00:00:00','5493415460866','C','R|T:22*P:25*H:32',-1,NULL,NULL,5,NULL,NULL,NULL,NULL,NULL),
 (19,'2011-03-19 00:00:00','5493472436171','C','Tiempo',-1,NULL,NULL,5,NULL,NULL,NULL,NULL,NULL),
 (20,'2011-03-19 00:00:00','5493415460866','C','R|T:22*P:25*H:32',-1,NULL,NULL,5,NULL,NULL,NULL,NULL,NULL),
 (21,'2011-03-19 13:43:21','5493472436171','C','Tiempo',-1,NULL,NULL,5,NULL,NULL,NULL,NULL,NULL),
 (22,'2011-03-19 13:45:10','5493415460866','C','R|T:22*P:25*H:32',-1,NULL,NULL,5,NULL,NULL,NULL,NULL,NULL),
 (23,'2011-03-21 21:29:02','5493415460866','C','D|00:00#T:25.2*H:25*P:25',-1,NULL,NULL,5,NULL,NULL,NULL,NULL,NULL),
 (24,'2011-03-21 21:59:33','5493415460866','C','D|00:00#T:25.2*H:25*P:25',-1,NULL,NULL,5,NULL,NULL,NULL,NULL,NULL),
 (25,'2011-03-21 22:06:25','5493415460866','F','D|0#:25.2*H:25*P:25',-1,NULL,NULL,5,NULL,NULL,NULL,NULL,NULL),
 (26,'2011-03-21 22:16:32','5493415460866','F','R|00:00#T:25.2*H:25*P:25',-1,NULL,NULL,5,NULL,NULL,NULL,NULL,NULL),
 (27,'2011-03-21 22:36:07','5493415460866','F','A|X|2',-1,NULL,NULL,5,NULL,NULL,NULL,NULL,NULL),
 (28,'2011-03-21 22:49:02','5493415460866','C','D|01:00#T:25.2*H:25*P:25|02:00#T:25.2*H:25*P:25|03:00#T:25.2*H:25*P:25|04:00#T:25.2*H:25*P:25|05:00#T:25.2*H:25*P:25|06:00#T:25.2*H:25*P:25',-1,NULL,NULL,5,NULL,NULL,NULL,NULL,NULL),
 (29,'2011-03-21 23:07:06','5493415460866','C','D|01:00#T:25.2*H:25*P:25|02:00#T:25.2*H:25*P:25|03:00#T:25.2*H:25*P:25|04:00#T:25.2*H:25*P:25|05:00#T:25.2*H:25*P:25|06:00#T:25.2*H:25*P:25',-1,NULL,NULL,5,NULL,NULL,NULL,NULL,NULL),
 (30,'2011-03-21 23:28:45','5493415460866','C','D|01:00#T:25.2*H:25*P:25|02:00#T:25.2*H:25*P:25|03:00#T:25.2*H:25*P:25|04:00#T:25.2*H:25*P:25|05:00#T:25.2*H:25*P:25|06:00#T:25.2*H:25*P:25',-1,NULL,NULL,5,NULL,NULL,NULL,NULL,NULL),
 (31,'2011-03-21 23:41:54','5493415460866','S','D|01:00#T:25.2*H:25*P:25|02:00#T:25.2*H:25*P:25|03:00#T:25.2*H:25*P:25|04:00#T:25.2*H:25*P:25|05:00#T:25.2*H:25*P:25|06:00#T:25.2*H:25*P:25',-1,NULL,NULL,5,NULL,NULL,NULL,NULL,NULL),
 (32,'2011-03-22 00:18:16','5493415460866','C','D|01:00#T:25.2*H:25*P:25|02:00#T:25.2*H:25*P:25|03:00#T:25.2*H:25*P:25|04:00#T:25.2*H:25*P:25|05:00#T:25.2*H:25*P:25|06:00#T:25.2*H:25*P:25',-1,NULL,NULL,5,NULL,NULL,NULL,NULL,NULL),
 (33,'2011-03-22 00:18:16','5493415460866','C','D|01:00#T:25.2*H:25*P:25|02:00#T:25.2*H:25*P:25|03:00#T:25.2*H:25*P:25|04:00#T:25.2*H:25*P:25|05:00#T:25.2*H:25*P:25|06:00#T:25.2*H:25*P:25',-1,NULL,NULL,5,NULL,NULL,NULL,NULL,NULL),
 (34,'2011-03-29 20:01:23','5493415460866','F','A|T|22.2',-1,NULL,NULL,5,NULL,NULL,NULL,NULL,NULL),
 (35,'2011-03-29 20:15:33','5493415460866','C','A|T|22.2',-1,NULL,NULL,5,NULL,NULL,NULL,NULL,NULL),
 (36,'2011-03-29 23:37:16','5493415460866','C','D|01:00#T:25.2*H:25*P:25|02:00#T:25.2*H:25*P:25|03:00#T:25.2*H:25*P:25|04:00#T:25.2*H:25*P:25|05:00#T:25.2*H:25*P:25|06:00#T:25.2*H:25*P:25',-1,NULL,NULL,5,NULL,NULL,NULL,NULL,NULL),
 (37,'2011-03-29 23:40:11','5493415460866','F','R|V+',-1,NULL,NULL,5,NULL,NULL,NULL,NULL,NULL),
 (38,'2011-03-29 23:52:46','5493415460866','BF','R|V+',-1,NULL,NULL,5,NULL,NULL,NULL,NULL,NULL),
 (39,'2011-03-30 00:12:18','5493415460866','C','A|T|22.2',-1,NULL,NULL,5,NULL,NULL,NULL,NULL,NULL),
 (40,'2011-03-30 00:13:43','5493415460866','C','A|T|22.2',-1,NULL,NULL,5,NULL,NULL,NULL,NULL,NULL),
 (41,'2011-04-30 16:52:51','5493415460866','C','A|T|22.2',-1,NULL,NULL,5,NULL,NULL,NULL,NULL,NULL),
 (42,'2012-01-03 19:51:09','5493415460866','F','A|T|22.6',-1,NULL,NULL,5,NULL,NULL,NULL,NULL,NULL),
 (43,'2012-01-03 19:51:09','5493415460866','F','A|T|22.6',-1,NULL,NULL,5,NULL,NULL,NULL,NULL,NULL),
 (44,'2012-01-03 21:11:45','5493415460866','F','A|T|22.6',-1,NULL,NULL,5,NULL,NULL,NULL,NULL,NULL),
 (45,'2012-01-03 21:11:45','5493415460866','C','A|T|22.6',-1,NULL,NULL,5,NULL,NULL,NULL,NULL,NULL),
 (46,'2012-01-03 22:40:00','5493415460866','BF','D|DDMMYY|hh:mm#T:0000*L:00000* H:00*P:0000|hh:mm#T:0000*L: 00000*H:00*P:0000|hh:mm#T: 0000*L:00000*H:00*P:0000|hh: mm#T:0000*L:00000*H:00*P:0000',-1,NULL,NULL,5,NULL,NULL,NULL,NULL,NULL),
 (47,'2012-01-03 22:59:59','5493415460866','BF','D|161012|11:16#T:0000*L:00000* H:00*P:0000|11:16#T:0000*L: 00000*H:00*P:0000|11:16#T: 0000*L:00000*H:00*P:0000|11: 16#T:0000*L:00000*H:00*P:0000',-1,NULL,NULL,5,NULL,NULL,NULL,NULL,NULL),
 (48,'2012-01-03 23:00:41','5493472448259','BF','Tiene heladera el quincho?',-1,NULL,NULL,5,NULL,NULL,NULL,NULL,NULL),
 (49,'2012-01-03 23:24:53','5493415460866','C','D|161012|11:16#T:45*L:180.1*H:99*P:1002|11:16#T:45*L:180.1*H:99*P:1002|11:16#T:45*L:180.1*H:99*P:1002|11:16#T:45*L:180.1*H:99*P:1002',-1,NULL,NULL,5,NULL,NULL,NULL,NULL,NULL),
 (50,'2012-01-07 10:11:12','SERVER','C',NULL,-1,NULL,NULL,5,NULL,NULL,NULL,NULL,NULL),
 (51,'2012-01-09 23:48:45','5493415460866','WCS','A|T|45|126',-1,NULL,NULL,5,NULL,NULL,NULL,NULL,NULL),
 (52,'2012-01-09 23:56:15','SERVER','S','OK',-1,NULL,NULL,5,NULL,NULL,NULL,NULL,NULL),
 (53,'2012-01-10 00:06:57','5493415460866','X','A|T|45|126',-1,NULL,NULL,5,NULL,NULL,NULL,NULL,NULL),
 (54,'2012-01-10 00:18:12','SERVER','X','OK[|]126',-1,NULL,NULL,5,NULL,NULL,NULL,NULL,NULL),
 (55,'2012-01-10 00:22:50','5493415460866','F','R|T:23.6*L:124*H:56*P:1234|125',-1,NULL,NULL,5,NULL,NULL,NULL,NULL,NULL),
 (56,'2012-01-10 00:22:50','5493415460866','BF','R|T:23.6*L:124*H:56*p:1234',-1,NULL,NULL,5,NULL,NULL,NULL,NULL,NULL),
 (57,'2012-01-10 00:29:03','5493415460866','F','R|T:23.6*L:124*H:56*P:1234|55',-1,NULL,NULL,5,NULL,NULL,NULL,NULL,NULL),
 (58,'2012-01-10 00:40:39','SERVER','X','FAIL|55',-1,NULL,NULL,5,NULL,NULL,NULL,NULL,NULL),
 (59,'2012-01-10 00:52:56','5493415775431','C','TIEMPO',-1,NULL,NULL,5,NULL,NULL,NULL,NULL,NULL),
 (60,'2012-01-10 00:58:49','5493415460866','BF','Vgjkyvcaf',-1,NULL,NULL,5,NULL,NULL,NULL,NULL,NULL),
 (61,'2012-01-10 01:28:13','5493415460866','C','R|T:23.6*L:124*H:56*P:1234|55',-1,NULL,NULL,5,NULL,NULL,NULL,NULL,NULL),
 (62,'2012-01-10 01:51:05','SERVER','S','OK|55',-1,NULL,NULL,5,NULL,NULL,NULL,NULL,NULL),
 (63,'2012-01-10 01:54:24','5493415775431','BF','Gracias ema!',-1,NULL,NULL,5,NULL,NULL,NULL,NULL,NULL),
 (64,'2012-01-10 01:49:33','5493415460866','S','R|T:23.6*L:124*H:56*P:1234|55',-1,NULL,NULL,5,NULL,NULL,NULL,NULL,NULL),
 (65,'2012-01-10 02:02:14','SERVER','S','OK|55',-1,NULL,NULL,5,NULL,NULL,NULL,NULL,NULL),
 (66,'2012-03-06 19:47:19','03413091570','W','CLIMA',7311,NULL,'',3,NULL,'2012-03-06 19:58:08','1',NULL,NULL),
 (67,'2012-03-06 20:09:31','03413091570','W','CLIMA',7888,NULL,'',3,NULL,'2012-03-06 20:32:04','1',NULL,NULL),
 (68,'2012-03-06 20:21:45','03413091570','S','CLIMA',2223,NULL,'',3,NULL,'2012-03-06 20:27:39','1',NULL,NULL),
 (69,'2012-02-24 23:15:22','5493413035518','BF','Estamos a punto de comer en magdalena, veni',-1,NULL,NULL,3,NULL,NULL,NULL,NULL,NULL),
 (70,'2012-02-24 23:21:11','5493413035518','BF','Veni y te prendes al misil de cerveza,,, ale, palmera, mi hno mas chico',-1,NULL,NULL,3,NULL,NULL,NULL,NULL,NULL),
 (71,'2012-02-24 23:22:30','5493413035518','BF','Ok',-1,NULL,NULL,3,NULL,NULL,NULL,NULL,NULL),
 (72,'2012-02-26 00:42:37','5493472447081','BF','Recibiste una llamada del numero 5493472447081 el dia 26/02 a las 00:42 hs. Manda Ideas al 1234 y descarga los mejores contenidos. Info en *611',-1,NULL,NULL,3,NULL,NULL,NULL,NULL,NULL),
 (73,'2012-02-26 05:08:41','5493472529606','BF','Hola! Cacu como estar?',-1,NULL,NULL,3,NULL,NULL,NULL,NULL,NULL),
 (74,'2012-02-26 06:06:47','5493472505651','BF','Vamos estoy en la esquina de la estacione',-1,NULL,NULL,3,NULL,NULL,NULL,NULL,NULL),
 (75,'2012-02-26 06:09:49','5493472505651','BF','Si o no martini',-1,NULL,NULL,3,NULL,NULL,NULL,NULL,NULL),
 (76,'2012-02-26 06:14:11','5493472505651','BF','Jajajaja mis cero cacu y lo sabes',-1,NULL,NULL,3,NULL,NULL,NULL,NULL,NULL),
 (77,'2012-02-26 11:49:16','5493472505651','BF','Jajaja recien veo el mensaje parareces un chiquilin cuando pones esoo esta noche t tiento besitosssss',-1,NULL,NULL,3,NULL,NULL,NULL,NULL,NULL),
 (78,'2012-02-28 18:53:24','5493472436171','BF','Recibiste una llamada del numero 5493472436171 el dia 28/02 a las 18:27 hs. Manda Ideas al 1234 y descarga los mejores contenidos. Info en *611',-1,NULL,NULL,3,NULL,NULL,NULL,NULL,NULL),
 (79,'2012-02-26 17:59:46','5493472583651','BF','Recibiste una llamada del numero 5493472583651 el dia 26/02 a las 17:59 hs. Manda Ideas al 1234 y descarga los mejores contenidos. Info en *611',-1,NULL,NULL,3,NULL,NULL,NULL,NULL,NULL),
 (80,'2012-02-26 18:53:38','5493472439007','BF','Recibiste una llamada del numero 5493472439007 el dia 26/02 a las 18:53 hs. Manda Ideas al 1234 y descarga los mejores contenidos. Info en *611',-1,NULL,NULL,3,NULL,NULL,NULL,NULL,NULL),
 (81,'2012-02-27 02:59:29','5493472436560','BF','Me voy a dormir. Abrazo',-1,NULL,NULL,3,NULL,NULL,NULL,NULL,NULL),
 (82,'2012-02-27 12:46:23','5493472436171','BF','Me dejaste con el pollo al horno preparado. Si fuera algun amigo ibas.',-1,NULL,NULL,3,NULL,NULL,NULL,NULL,NULL),
 (83,'2012-02-27 19:24:07','5493472500936','BF','Brother venite  a kasa !es el cumple de gabi ´.nino',-1,NULL,NULL,3,NULL,NULL,NULL,NULL,NULL),
 (84,'2012-03-06 19:14:43','5493472436559','BF','Recibiste una llamada del numero 5493472436559 el dia 06/03 a las 18:51 hs. Manda Ideas al 1234 y descarga los mejores contenidos. Info en *611',-1,NULL,NULL,3,NULL,NULL,NULL,NULL,NULL),
 (85,'2012-02-29 17:36:01','5493472436171','BF','Todo bien?  Llamame! ',-1,NULL,NULL,3,NULL,NULL,NULL,NULL,NULL),
 (86,'2012-03-02 09:18:31','5493472436171','BF','Como estas hoy?',-1,NULL,NULL,3,NULL,NULL,NULL,NULL,NULL),
 (87,'2012-03-02 09:20:58','5493472436171','BF','Precioso estas trabajando?',-1,NULL,NULL,3,NULL,NULL,NULL,NULL,NULL),
 (88,'2012-03-02 09:22:47','5493472436171','BF','Bueno! Besossss  nos hablamos',-1,NULL,NULL,3,NULL,NULL,NULL,NULL,NULL),
 (89,'2012-03-06 20:27:43','5493472437449','W','CLIMA',4001,NULL,'',3,NULL,'2012-03-06 20:37:07','1',NULL,NULL),
 (90,'2012-03-06 20:32:01','5493472437449','W','CLIMA',9644,NULL,'',3,NULL,'2012-03-06 20:47:22','1',NULL,NULL),
 (91,'2012-03-06 20:37:13','5493472437449','W','CLIMA',4778,NULL,'',3,NULL,'2012-03-06 20:47:29','1',NULL,NULL),
 (92,'2012-03-06 20:47:27','5493472437449','W','CLIMA',6159,NULL,'',3,NULL,'2012-03-13 01:47:21','*',NULL,NULL),
 (93,'2012-03-06 20:47:46','5493472437449','W','CLIMA',2894,NULL,'',3,NULL,'2012-03-13 01:47:30','*',NULL,NULL),
 (94,'2012-03-06 21:03:10','5493472437449','W','CLIMA',9906,NULL,'',3,NULL,'2012-03-13 01:49:16','*',NULL,NULL),
 (95,'2012-03-06 21:05:30','5493472437449','S','CLIMA',6006,NULL,'116',3,NULL,'2012-03-07 01:46:20','1',NULL,NULL),
 (96,'2012-03-07 01:45:32','5493415460866','C','CLIMA',2320,NULL,NULL,3,NULL,NULL,NULL,NULL,NULL),
 (97,'2012-03-07 18:49:02','5493413091570','BF','Sexo al 636',-1,NULL,NULL,3,NULL,NULL,NULL,NULL,NULL),
 (98,'2012-03-07 09:39:35','5493472436171','BF','El tuchi me trajo 27O pesos para vos! ',-1,NULL,NULL,3,NULL,NULL,NULL,NULL,NULL),
 (99,'2017-10-19 22:33:47',NULL,'BF','Drì£¥L@:rRè£¥L',-1,NULL,NULL,3,NULL,NULL,NULL,NULL,NULL),
 (100,'2012-03-08 01:01:07','5493415460866','C','CLIMA',8595,NULL,'109',3,NULL,'2012-03-14 01:20:21','1',NULL,NULL),
 (102,'2012-03-11 22:14:13','5493472436171','BF','Ok bebe besossss ',-1,NULL,NULL,3,NULL,NULL,NULL,NULL,NULL),
 (103,'2012-03-12 11:42:50','5493472436171','BF','Estas  bien?',-1,NULL,NULL,3,NULL,NULL,NULL,NULL,NULL),
 (104,'2012-03-13 20:58:20','54','BF','Se acreditaron ¿20,00 validos por 20 dias. Recibiste ¿10 promocionales Transaccion: 293684596 realizada el 13/03.',-1,NULL,NULL,3,NULL,NULL,NULL,NULL,NULL),
 (105,'2012-03-13 20:59:41','Claro','BF','Con tu ultima recarga de tarjeta se habilitaron las llamadas gratuitas a tu numero elegido hasta el dia 12-APR-12',-1,NULL,NULL,3,NULL,NULL,NULL,NULL,NULL),
 (106,'2012-03-13 20:59:42','Claro','BF','Con tu ultima recarga de tarjeta se habilitaron las llamadas gratuitas a tu numero elegido hasta el dia 12-APR-12',-1,NULL,NULL,3,NULL,NULL,NULL,NULL,NULL),
 (107,'2012-03-13 23:03:15','3733','BF','Tu nueva clave para acceder al sitio de autogestion de Claro es 5463. Accede ahora a traves de http://www.claro.com.ar',-1,NULL,NULL,3,NULL,NULL,NULL,NULL,NULL),
 (108,'2012-03-13 23:35:40','Claro','BF','Para poder comunicarte con tus destinos libres, recarga una tarjeta de $20 o mas y segui comunicandote GRATIS!',-1,NULL,NULL,3,NULL,NULL,NULL,NULL,NULL),
 (109,'2012-03-14 00:08:19','5493472437449','C','R|T:23.6*L:123*H:36|8239',-1,NULL,'105',3,NULL,'2012-03-14 00:26:53','1',NULL,NULL),
 (110,'2012-03-14 00:56:24','5493472437449','C','R|T:23.6*L:123*H:36|8595',-1,NULL,'108',3,NULL,'2012-03-14 00:57:03','1',NULL,NULL),
 (111,'2012-03-14 01:21:51','5493472437449','C','A|T|50',-1,NULL,'110',3,NULL,'2012-03-14 01:57:27','1','2012-03-14 01:35:39',NULL),
 (112,'2012-03-14 01:50:36','5493472437449','C','A|T|50',-1,NULL,'111',3,NULL,'2012-03-14 01:57:44','1','2012-03-14 01:51:05',NULL),
 (113,'2156-10-19 15:03:41',NULL,'BF','hlì£?òD:bRè£?òè',-1,NULL,NULL,3,NULL,NULL,NULL,NULL,NULL),
 (114,'2012-03-14 02:03:02','5493472437449','C','A|T|50|26',-1,NULL,'114',3,NULL,'2012-03-19 02:34:52','1','2012-03-14 02:03:28',NULL),
 (115,'2012-03-15 12:44:29','Claro','BF','Queremos que te comuniques mas que nunca! Solo por hoy recarga tu Claro y DUPLICA desde $30! TRIPLICA desde $50! Condiciones en www.claro.com.ar',-1,NULL,NULL,3,NULL,NULL,NULL,NULL,NULL),
 (117,'2012-03-19 02:34:57','SERVER','C','OK|26',-1,NULL,'115',3,NULL,'2012-03-19 02:35:55','1',NULL,NULL),
 (118,'2012-03-20 03:14:34','5493415460866','BF','Gratis',-1,NULL,NULL,3,NULL,NULL,NULL,NULL,NULL),
 (119,'2037-10-19 15:03:41',NULL,'BF','hlì£??H!dRè£??ò',-1,NULL,NULL,3,NULL,NULL,NULL,NULL,NULL),
 (120,'2012-03-20 19:31:09','5493415460866','S','CLIMA|31',31,NULL,NULL,3,NULL,NULL,NULL,'2012-03-20 19:33:05',NULL),
 (121,'2012-03-20 19:53:26','5493415460866','C','CLIMA|56',56,NULL,'116',3,NULL,'2012-03-20 21:41:19','1','2012-03-20 21:39:59',NULL),
 (122,'2012-03-20 22:55:52','5493415460866','C','CLIMA|94',94,NULL,'117',3,NULL,'2012-03-20 23:27:42','1','2012-03-20 22:57:25',NULL),
 (123,'2012-03-20 23:28:01','5493415460866','F','CLIMA|67|81',81,NULL,'118',3,'2012-03-20 23:36:55','2012-03-20 23:31:50','1','2012-03-20 23:29:09',NULL),
 (124,'2012-03-20 23:45:47','5493472437449','C','R|T:22*L:12.2*H:36',-1,NULL,'119',3,NULL,'2012-03-21 00:13:20','1','2012-03-21 00:12:32',NULL),
 (125,'2012-03-21 00:15:18','5493415460866','F','CLIMA|99',99,NULL,'120',3,'2012-03-21 00:17:04','2012-03-21 00:15:44','1','2012-03-21 00:15:32',NULL),
 (126,'2012-03-21 00:17:51','5493472437449','C','R|T:22*L:12.2*H:36',-1,NULL,'121',3,NULL,'2012-03-21 00:18:59','1','2012-03-21 00:18:14',NULL),
 (127,'2012-03-21 00:24:58','5493415460866','F','CLIMA|18',18,NULL,'122',3,'2012-03-21 00:26:29','2012-03-21 00:25:35','1','2012-03-21 00:25:23',NULL),
 (128,'2012-03-21 00:27:02','5493472437449','S','R|T:22*L:12.2*H:36',-1,NULL,NULL,3,NULL,NULL,NULL,'2012-03-21 00:27:30',NULL),
 (129,'2012-03-21 00:27:02','5493472437449','BF','R|T:22*L:12.2*H:36',-1,NULL,NULL,3,NULL,NULL,NULL,NULL,NULL),
 (130,'2012-03-21 00:43:51','5493415460866','C','CLIMA|71',71,NULL,'123',3,'2012-03-21 00:46:24','2012-03-21 00:45:01','1','2012-03-21 00:44:41',NULL),
 (131,'2012-03-21 00:45:45','5493472437449','C','R|T:22*L:12.2*H:36|71',-1,NULL,'124',3,NULL,'2012-03-21 00:46:50','1','2012-03-21 00:46:09',NULL),
 (132,'2012-03-21 00:50:52','5493472437449','C','A|T|50|16',-1,NULL,'125',3,NULL,'2012-03-21 01:06:41','1','2012-03-21 01:05:45','16'),
 (133,'2012-03-21 01:06:49','SERVER','C','C|1|16',-1,NULL,'126',3,NULL,'2012-03-21 01:07:13','1',NULL,NULL),
 (134,'2012-03-21 01:10:34','5493472437449','F','EST|BAT|50|11',-1,NULL,NULL,3,NULL,NULL,NULL,'2012-03-21 01:11:38','11'),
 (135,'2012-03-21 01:14:12','5493472437449','C','EST|BAT|50|11',-1,NULL,'129',3,NULL,'2012-03-21 01:21:11','1','2012-03-21 01:14:39','11'),
 (136,'2012-03-21 01:21:11','SERVER','C','C|1|11',-1,NULL,'130',3,NULL,'2012-03-21 01:21:51','1',NULL,NULL),
 (137,'2012-03-21 14:55:55','5491136942681','BF','Con Ford tene ya tu 0KM!!Obtenelo con tu DNI.Te bonificamos hasta 6300 pesos o aceptamos como parte pago tu auto usado!!Para mas Info Manda Ford ahora!',-1,NULL,NULL,3,NULL,NULL,NULL,NULL,NULL),
 (138,'2012-03-21 20:28:12','5493472437449','C','ERR|3',-1,NULL,'132',3,NULL,'2012-03-21 20:30:25','1','2012-03-21 20:28:49',NULL),
 (139,'2012-03-21 20:33:33','5493472437449','S','ERR|3',-1,NULL,'133',3,NULL,'2012-03-21 20:34:40','1','2012-03-21 20:34:07',NULL),
 (140,'2012-03-21 21:16:03','5493415775431','BF','Jajajaja',-1,NULL,NULL,3,NULL,NULL,NULL,NULL,NULL),
 (141,'2012-04-10 15:51:57','Claro','BF','Bienvenido al servicio de Claro.',-1,NULL,NULL,3,NULL,NULL,NULL,NULL,NULL),
 (142,'2012-04-10 15:51:58','Claro','BF','Claro le informa que su password para internet ( www.claro.com.ar ) es  2726',-1,NULL,NULL,3,NULL,NULL,NULL,NULL,NULL),
 (143,'2012-04-10 18:46:21','3733','BF','Tu nueva clave para acceder al sitio de autogestion de Claro es 4879. Accede ahora a traves de http://www.claro.com.ar',-1,NULL,NULL,3,NULL,NULL,NULL,NULL,NULL),
 (144,'2012-04-10 19:11:46','Claro','BF','No tenes saldo en tu cuenta. Tu saldo de abono es de $42,78. Tu saldo vence el 19/04/12. Tu saldo de abono vence el 12/05/12.',-1,NULL,NULL,3,NULL,NULL,NULL,NULL,NULL),
 (145,'2012-04-10 19:11:47','Claro','BF','Tu saldo promocional es de $39,91. Vence el 19/04/12.',-1,NULL,NULL,3,NULL,NULL,NULL,NULL,NULL),
 (146,'2012-04-10 19:11:48','5493413044330','BF','Recibiste 3 llamadas del numero 3413044330, la ultima llamada fue recibida el dia 10/04 a las 15:43 hs. Manda Ideas al 1234 y descarga los mejores contenidos. I',-1,NULL,NULL,3,NULL,NULL,NULL,NULL,NULL),
 (147,'2012-04-10 19:13:01','Claro','BF','No tenes saldo en tu cuenta. Tu saldo de abono es de $42,78. Tu saldo vence el 19/04/12. Tu saldo de abono vence el 12/05/12.',-1,NULL,NULL,3,NULL,NULL,NULL,NULL,NULL),
 (148,'2012-04-10 19:13:02','Claro','BF','Tu saldo promocional es de $39,83. Vence el 19/04/12.',-1,NULL,NULL,3,NULL,NULL,NULL,NULL,NULL),
 (149,'2012-04-10 19:13:57','5493413376143','BF','Por que no??',-1,NULL,NULL,3,NULL,NULL,NULL,NULL,NULL),
 (150,'2012-04-10 19:15:12','Claro','BF','No tenes saldo en tu cuenta. Tu saldo de abono es de $42,78. Tu saldo vence el 19/04/12. Tu saldo de abono vence el 12/05/12.',-1,NULL,NULL,3,NULL,NULL,NULL,NULL,NULL),
 (151,'2012-04-10 19:15:13','Claro','BF','Tu saldo promocional es de $39,75. Vence el 19/04/12.',-1,NULL,NULL,3,NULL,NULL,NULL,NULL,NULL),
 (152,'2012-04-11 08:52:25','5493413775822','BF','Cele viste q se kevanto el paro,vos vas en cole?',-1,NULL,NULL,3,NULL,NULL,NULL,NULL,NULL),
 (153,'2012-04-12 20:51:08','5493472437449','S','D|121012|11:02#T:20.2*L:105*H:99*P:1006',-1,NULL,NULL,3,NULL,NULL,NULL,'2012-04-12 21:05:49',NULL),
 (154,'2012-04-10 14:16:38','5493413376143','BF','Feliz cumple cele!! El gonza no se acordó.. Le dije yo!! Yo si me acorde.. Pero no me mandaba los msj.. Jaja..',-1,NULL,NULL,3,NULL,NULL,NULL,NULL,NULL),
 (155,'2012-04-12 21:20:37','5493472437449','S','D|121012|11:02#T:20.2*L:105*H:99*P:1006',-1,NULL,NULL,3,NULL,NULL,NULL,'2012-04-12 21:21:17',NULL),
 (156,'2012-04-12 21:20:37','5493472437449','C','D|121012|11:02#T:20.2*L:105*H:99*P:1006',-1,NULL,NULL,3,NULL,NULL,NULL,'2012-04-12 21:24:47',NULL),
 (157,'2012-04-12 21:24:32','5493472437449','C','D|121012|11:02#T:20.2*L:105*H:99*P:1006',-1,NULL,NULL,3,NULL,NULL,NULL,'2012-04-12 21:27:29',NULL),
 (158,'2012-09-08 21:24:32','WEB','BF','ON',-1,NULL,NULL,5,NULL,NULL,NULL,NULL,NULL),
 (159,'2012-04-10 14:02:33','7410','BF','Encuesta Claro. Por favor califique nuestra atencion respondiendo con 1, 2 o 3 (sms sin cargo): 1- Excelente; 2- Buena; 3- Mala',-1,NULL,NULL,3,NULL,NULL,NULL,NULL,NULL),
 (160,'2012-04-10 15:51:56','Claro','BF','Bienvenido al servicio de Claro.',-1,NULL,NULL,3,NULL,NULL,NULL,NULL,NULL),
 (161,'2012-04-10 15:51:57','Claro','BF','Claro le informa que su password para internet ( www.claro.com.ar ) es  2726',-1,NULL,NULL,3,NULL,NULL,NULL,NULL,NULL),
 (162,'2012-04-10 18:52:07','3733','BF','Tu nueva clave para acceder al sitio de autogestion de Claro es 0950. Accede ahora a traves de http://www.claro.com.ar',-1,NULL,NULL,3,NULL,NULL,NULL,NULL,NULL),
 (163,'2012-09-08 21:24:32','WEB','P','ON',-1,NULL,NULL,5,NULL,NULL,NULL,NULL,NULL);
UNLOCK TABLES;
/*!40000 ALTER TABLE `SMS` ENABLE KEYS */;


--
-- Definition of table `smsbd`.`SMS_CONFIRMATION`
--

DROP TABLE IF EXISTS `smsbd`.`SMS_CONFIRMATION`;
CREATE TABLE  `smsbd`.`SMS_CONFIRMATION` (
  `ID_SMS_CONFIRMATION` int(10) unsigned NOT NULL AUTO_INCREMENT,
  `ID_SMS` int(10) unsigned DEFAULT NULL,
  `ID_SMS_REQUEST` int(10) unsigned DEFAULT NULL,
  `ID_STATION` int(10) unsigned DEFAULT NULL,
  PRIMARY KEY (`ID_SMS_CONFIRMATION`)
) ENGINE=InnoDB AUTO_INCREMENT=11 DEFAULT CHARSET=latin1;

--
-- Dumping data for table `smsbd`.`SMS_CONFIRMATION`
--

/*!40000 ALTER TABLE `SMS_CONFIRMATION` DISABLE KEYS */;
LOCK TABLES `SMS_CONFIRMATION` WRITE;
INSERT INTO `smsbd`.`SMS_CONFIRMATION` VALUES  (1,50,49,1),
 (2,52,51,1),
 (3,54,53,1),
 (4,58,57,1),
 (5,62,61,3),
 (6,65,64,3),
 (7,116,114,1),
 (8,117,114,1),
 (9,133,132,1),
 (10,136,135,1);
UNLOCK TABLES;
/*!40000 ALTER TABLE `SMS_CONFIRMATION` ENABLE KEYS */;


--
-- Definition of table `smsbd`.`SMS_CUSTOMER_REQUEST`
--

DROP TABLE IF EXISTS `smsbd`.`SMS_CUSTOMER_REQUEST`;
CREATE TABLE  `smsbd`.`SMS_CUSTOMER_REQUEST` (
  `ID_SMS_CUSTOMER_REQUEST` int(10) unsigned NOT NULL AUTO_INCREMENT,
  `ID_SMS` int(10) unsigned DEFAULT NULL,
  `ID_STATION` int(10) unsigned DEFAULT NULL,
  `ID_CUSTOMER` int(10) unsigned DEFAULT NULL,
  `ID_SMS_RESPONSE` int(10) unsigned DEFAULT NULL,
  PRIMARY KEY (`ID_SMS_CUSTOMER_REQUEST`)
) ENGINE=InnoDB AUTO_INCREMENT=26 DEFAULT CHARSET=latin1;

--
-- Dumping data for table `smsbd`.`SMS_CUSTOMER_REQUEST`
--

/*!40000 ALTER TABLE `SMS_CUSTOMER_REQUEST` DISABLE KEYS */;
LOCK TABLES `SMS_CUSTOMER_REQUEST` WRITE;
INSERT INTO `smsbd`.`SMS_CUSTOMER_REQUEST` VALUES  (1,16,1,1,NULL),
 (2,17,1,1,18),
 (3,19,1,1,20),
 (4,21,1,1,22),
 (5,59,3,2,64),
 (6,66,4,3,NULL),
 (7,67,4,3,NULL),
 (8,68,4,3,NULL),
 (9,89,4,3,NULL),
 (10,90,4,3,NULL),
 (11,91,4,3,NULL),
 (12,92,4,3,NULL),
 (13,93,4,3,NULL),
 (14,94,4,3,NULL),
 (15,95,4,3,NULL),
 (16,96,4,3,NULL),
 (17,100,1,1,124),
 (18,101,NULL,NULL,NULL),
 (19,120,1,1,NULL),
 (20,121,1,1,126),
 (21,122,1,1,128),
 (22,123,1,1,NULL),
 (23,125,1,1,NULL),
 (24,127,1,1,NULL),
 (25,130,1,1,131);
UNLOCK TABLES;
/*!40000 ALTER TABLE `SMS_CUSTOMER_REQUEST` ENABLE KEYS */;


--
-- Definition of table `smsbd`.`SMS_DAILY_SUMMARY`
--

DROP TABLE IF EXISTS `smsbd`.`SMS_DAILY_SUMMARY`;
CREATE TABLE  `smsbd`.`SMS_DAILY_SUMMARY` (
  `ID_SMS_DAILY_SUMMARY` int(10) unsigned NOT NULL AUTO_INCREMENT,
  `TEST` varchar(45) DEFAULT NULL,
  `ID_SMS` int(10) unsigned DEFAULT NULL,
  PRIMARY KEY (`ID_SMS_DAILY_SUMMARY`)
) ENGINE=InnoDB AUTO_INCREMENT=16 DEFAULT CHARSET=latin1;

--
-- Dumping data for table `smsbd`.`SMS_DAILY_SUMMARY`
--

/*!40000 ALTER TABLE `SMS_DAILY_SUMMARY` DISABLE KEYS */;
LOCK TABLES `SMS_DAILY_SUMMARY` WRITE;
INSERT INTO `smsbd`.`SMS_DAILY_SUMMARY` VALUES  (1,NULL,23),
 (2,NULL,24),
 (3,NULL,25),
 (4,NULL,28),
 (5,NULL,29),
 (6,NULL,30),
 (7,NULL,31),
 (8,NULL,32),
 (9,NULL,33),
 (10,NULL,36),
 (11,NULL,49),
 (12,NULL,153),
 (13,NULL,155),
 (14,NULL,156),
 (15,NULL,157);
UNLOCK TABLES;
/*!40000 ALTER TABLE `SMS_DAILY_SUMMARY` ENABLE KEYS */;


--
-- Definition of table `smsbd`.`SMS_ERROR`
--

DROP TABLE IF EXISTS `smsbd`.`SMS_ERROR`;
CREATE TABLE  `smsbd`.`SMS_ERROR` (
  `ID_SMS_ERROR` int(11) NOT NULL AUTO_INCREMENT,
  `ID_SMS` int(11) DEFAULT NULL,
  `ID_STATION` int(11) DEFAULT NULL,
  `ID_ERROR` int(11) DEFAULT NULL,
  PRIMARY KEY (`ID_SMS_ERROR`)
) ENGINE=InnoDB AUTO_INCREMENT=3 DEFAULT CHARSET=latin1;

--
-- Dumping data for table `smsbd`.`SMS_ERROR`
--

/*!40000 ALTER TABLE `SMS_ERROR` DISABLE KEYS */;
LOCK TABLES `SMS_ERROR` WRITE;
INSERT INTO `smsbd`.`SMS_ERROR` VALUES  (1,138,1,2),
 (2,139,1,2);
UNLOCK TABLES;
/*!40000 ALTER TABLE `SMS_ERROR` ENABLE KEYS */;


--
-- Definition of table `smsbd`.`SMS_OPERATION`
--

DROP TABLE IF EXISTS `smsbd`.`SMS_OPERATION`;
CREATE TABLE  `smsbd`.`SMS_OPERATION` (
  `ID_SMS_OPERATION` int(10) unsigned NOT NULL AUTO_INCREMENT,
  `ID_SMS` int(10) unsigned DEFAULT NULL,
  `ID_STATION` int(10) unsigned DEFAULT NULL,
  `SUCESS` tinyint(1) DEFAULT NULL,
  PRIMARY KEY (`ID_SMS_OPERATION`)
) ENGINE=InnoDB AUTO_INCREMENT=2 DEFAULT CHARSET=latin1;

--
-- Dumping data for table `smsbd`.`SMS_OPERATION`
--

/*!40000 ALTER TABLE `SMS_OPERATION` DISABLE KEYS */;
LOCK TABLES `SMS_OPERATION` WRITE;
INSERT INTO `smsbd`.`SMS_OPERATION` VALUES  (1,163,1,NULL);
UNLOCK TABLES;
/*!40000 ALTER TABLE `SMS_OPERATION` ENABLE KEYS */;


--
-- Definition of table `smsbd`.`SMS_RESPONSE`
--

DROP TABLE IF EXISTS `smsbd`.`SMS_RESPONSE`;
CREATE TABLE  `smsbd`.`SMS_RESPONSE` (
  `ID_SMS_RESPONSE` int(10) unsigned NOT NULL AUTO_INCREMENT,
  `ID_SMS` int(10) unsigned DEFAULT NULL,
  `TO_` varchar(45) DEFAULT NULL,
  `FRIENDLYTEXT` varchar(160) DEFAULT NULL,
  PRIMARY KEY (`ID_SMS_RESPONSE`)
) ENGINE=InnoDB AUTO_INCREMENT=15 DEFAULT CHARSET=latin1;

--
-- Dumping data for table `smsbd`.`SMS_RESPONSE`
--

/*!40000 ALTER TABLE `SMS_RESPONSE` DISABLE KEYS */;
LOCK TABLES `SMS_RESPONSE` WRITE;
INSERT INTO `smsbd`.`SMS_RESPONSE` VALUES  (1,18,'5493472436171','Lluvia : 25 mmHumedad : 32 %Temperatura : 22 °C'),
 (2,20,'5493472436171','Temperatura : 22 °C Humedad : 32 % Lluvia : 25 mm'),
 (3,22,'5493472436171','Humedad : 32 % Temperatura : 22 °C Lluvia : 25 mm'),
 (4,26,NULL,NULL),
 (5,55,NULL,NULL),
 (6,57,NULL,NULL),
 (7,61,'5493415775431','Humedad:56 % ,Lluvia:124 mm ,Presion:1234 hPas ,Temperatura:23.6 °C'),
 (8,64,'5493415775431','Presion:1234 hPas ,Lluvia:124 mm ,Humedad:56 % ,Temperatura:23.6 °C'),
 (9,109,'5493415460866','Temperatura:23.6 °C ,Lluvia:123 mm ,Humedad:36 %'),
 (10,110,'5493415460866','Lluvia: 123 mm, Temperatura: 23.6 °C, Humedad: 36 %'),
 (11,124,'5493415460866','Temperatura: 22 °C, Lluvia: 12.2 mm, Humedad: 36 %'),
 (12,126,'5493415460866','Temperatura: 22 °C, Humedad: 36 %, Lluvia: 12.2 mm'),
 (13,128,'5493415460866','Humedad: 36 %, Temperatura: 22 °C, Lluvia: 12.2 mm'),
 (14,131,'5493415460866','Temperatura: 22 °C, Lluvia: 12.2 mm, Humedad: 36 %');
UNLOCK TABLES;
/*!40000 ALTER TABLE `SMS_RESPONSE` ENABLE KEYS */;


--
-- Definition of table `smsbd`.`SMS_STATION_EVENT`
--

DROP TABLE IF EXISTS `smsbd`.`SMS_STATION_EVENT`;
CREATE TABLE  `smsbd`.`SMS_STATION_EVENT` (
  `ID_SMS_STATION_EVENT` int(10) unsigned NOT NULL AUTO_INCREMENT,
  `ID_SMS` int(10) unsigned DEFAULT NULL,
  `ID_STATION` int(10) unsigned DEFAULT NULL,
  `ID_CUSTOMER` int(10) unsigned DEFAULT NULL,
  `ALERT_CODE` varchar(5) DEFAULT NULL,
  `VALUE` varchar(5) DEFAULT NULL,
  PRIMARY KEY (`ID_SMS_STATION_EVENT`)
) ENGINE=InnoDB AUTO_INCREMENT=31 DEFAULT CHARSET=latin1;

--
-- Dumping data for table `smsbd`.`SMS_STATION_EVENT`
--

/*!40000 ALTER TABLE `SMS_STATION_EVENT` DISABLE KEYS */;
LOCK TABLES `SMS_STATION_EVENT` WRITE;
INSERT INTO `smsbd`.`SMS_STATION_EVENT` VALUES  (10,11,1,1,'T','22.2'),
 (11,12,1,1,'T','22.2'),
 (12,13,1,1,'T','22.2'),
 (13,14,1,1,'T','22.2'),
 (14,15,1,1,'T','22.2'),
 (15,27,1,1,'X','2'),
 (16,34,NULL,NULL,NULL,NULL),
 (17,35,1,1,'T','22.2'),
 (18,39,1,1,'T','22.2'),
 (19,40,1,1,'T','22.2'),
 (20,41,1,1,'T','22.2'),
 (21,42,NULL,NULL,NULL,NULL),
 (22,43,NULL,NULL,NULL,NULL),
 (23,44,NULL,NULL,NULL,NULL),
 (24,45,1,1,'T','22.6'),
 (25,51,1,1,'T','45'),
 (26,53,1,1,'T','45'),
 (27,111,1,1,'T','50'),
 (28,112,1,1,'T','50'),
 (29,114,1,1,'T','50'),
 (30,132,1,1,'T','50');
UNLOCK TABLES;
/*!40000 ALTER TABLE `SMS_STATION_EVENT` ENABLE KEYS */;


--
-- Definition of table `smsbd`.`SMS_STATUS`
--

DROP TABLE IF EXISTS `smsbd`.`SMS_STATUS`;
CREATE TABLE  `smsbd`.`SMS_STATUS` (
  `ID_SMS_STATUS` int(10) unsigned NOT NULL AUTO_INCREMENT,
  `ID_SMS` int(10) unsigned DEFAULT NULL,
  `ID_STATION` int(10) unsigned DEFAULT NULL,
  `ALERT_VARIABLE` varchar(5) DEFAULT NULL,
  `VALUE` varchar(5) DEFAULT NULL,
  PRIMARY KEY (`ID_SMS_STATUS`)
) ENGINE=InnoDB AUTO_INCREMENT=3 DEFAULT CHARSET=latin1;

--
-- Dumping data for table `smsbd`.`SMS_STATUS`
--

/*!40000 ALTER TABLE `SMS_STATUS` DISABLE KEYS */;
LOCK TABLES `SMS_STATUS` WRITE;
INSERT INTO `smsbd`.`SMS_STATUS` VALUES  (1,134,1,'BAT','50'),
 (2,135,1,'BAT','50');
UNLOCK TABLES;
/*!40000 ALTER TABLE `SMS_STATUS` ENABLE KEYS */;


--
-- Definition of table `smsbd`.`STATION`
--

DROP TABLE IF EXISTS `smsbd`.`STATION`;
CREATE TABLE  `smsbd`.`STATION` (
  `ID_STATION` int(10) unsigned NOT NULL AUTO_INCREMENT,
  `STATUS` varchar(45) DEFAULT NULL,
  `ID_SIMCARD` int(10) unsigned DEFAULT NULL,
  `ID_CUSTOMER` int(10) unsigned DEFAULT NULL,
  PRIMARY KEY (`ID_STATION`)
) ENGINE=InnoDB AUTO_INCREMENT=5 DEFAULT CHARSET=latin1;

--
-- Dumping data for table `smsbd`.`STATION`
--

/*!40000 ALTER TABLE `STATION` DISABLE KEYS */;
LOCK TABLES `STATION` WRITE;
INSERT INTO `smsbd`.`STATION` VALUES  (1,'1',6,1),
 (2,'1',2,1),
 (3,'1',1,2),
 (4,'1',9,3);
UNLOCK TABLES;
/*!40000 ALTER TABLE `STATION` ENABLE KEYS */;


--
-- Definition of table `smsbd`.`THREAD`
--

DROP TABLE IF EXISTS `smsbd`.`THREAD`;
CREATE TABLE  `smsbd`.`THREAD` (
  `ID_THREAD` int(10) unsigned NOT NULL AUTO_INCREMENT,
  `TYPE` varchar(5) DEFAULT NULL,
  `NAME` varchar(45) DEFAULT NULL,
  `ENABLE` tinyint(1) DEFAULT NULL,
  `STARTED` tinyint(1) DEFAULT NULL,
  `ID_GSMMODEM` int(10) unsigned DEFAULT NULL,
  PRIMARY KEY (`ID_THREAD`) USING BTREE
) ENGINE=InnoDB AUTO_INCREMENT=3 DEFAULT CHARSET=latin1;

--
-- Dumping data for table `smsbd`.`THREAD`
--

/*!40000 ALTER TABLE `THREAD` DISABLE KEYS */;
LOCK TABLES `THREAD` WRITE;
INSERT INTO `smsbd`.`THREAD` VALUES  (1,'R','RECEPTOR-1',1,1,1),
 (2,'S','SENDER-1',1,1,1);
UNLOCK TABLES;
/*!40000 ALTER TABLE `THREAD` ENABLE KEYS */;


--
-- Definition of table `smsbd`.`USER`
--

DROP TABLE IF EXISTS `smsbd`.`USER`;
CREATE TABLE  `smsbd`.`USER` (
  `ID_USER` int(10) unsigned NOT NULL AUTO_INCREMENT,
  `NAME` varchar(45) NOT NULL,
  `LAST_NAME` varchar(45) NOT NULL,
  `EMAIL` varchar(45) NOT NULL,
  `ID_SIMCARD` int(10) unsigned NOT NULL,
  `IS_ACTIVE` tinyint(1) DEFAULT NULL,
  `PASSWORD` varchar(45) DEFAULT NULL,
  PRIMARY KEY (`ID_USER`)
) ENGINE=InnoDB AUTO_INCREMENT=3 DEFAULT CHARSET=latin1;

--
-- Dumping data for table `smsbd`.`USER`
--

/*!40000 ALTER TABLE `USER` DISABLE KEYS */;
LOCK TABLES `USER` WRITE;
INSERT INTO `smsbd`.`USER` VALUES  (1,'Carlos','Fontana','cfontana0@gmail.com',3,0,'cfontana0@gmail.com'),
 (2,'Juan','Martini','jcruzmartini@gmail.com',1,1,'jcruzmartini@gmail.com');
UNLOCK TABLES;
/*!40000 ALTER TABLE `USER` ENABLE KEYS */;


--
-- Definition of table `smsbd`.`VALIDATION_RULE`
--

DROP TABLE IF EXISTS `smsbd`.`VALIDATION_RULE`;
CREATE TABLE  `smsbd`.`VALIDATION_RULE` (
  `ID_RULE` int(10) unsigned NOT NULL AUTO_INCREMENT,
  `NAME` varchar(45) DEFAULT NULL,
  `DESCRIPTION` varchar(45) DEFAULT NULL,
  `RULE_CODE` varchar(5) DEFAULT NULL,
  PRIMARY KEY (`ID_RULE`)
) ENGINE=InnoDB AUTO_INCREMENT=3 DEFAULT CHARSET=latin1;

--
-- Dumping data for table `smsbd`.`VALIDATION_RULE`
--

/*!40000 ALTER TABLE `VALIDATION_RULE` DISABLE KEYS */;
LOCK TABLES `VALIDATION_RULE` WRITE;
INSERT INTO `smsbd`.`VALIDATION_RULE` VALUES  (1,'CustomerStatusRule','CustomerStatusRule','CSR'),
 (2,'MaximumRequestCustomerRule','MaximumRequestCustomerRule','MRCR');
UNLOCK TABLES;
/*!40000 ALTER TABLE `VALIDATION_RULE` ENABLE KEYS */;


--
-- Definition of table `smsbd`.`VARIABLE`
--

DROP TABLE IF EXISTS `smsbd`.`VARIABLE`;
CREATE TABLE  `smsbd`.`VARIABLE` (
  `ID_VARIABLE` int(10) unsigned NOT NULL AUTO_INCREMENT,
  `DESCRIPTION` varchar(45) DEFAULT NULL,
  `UNIT` varchar(45) DEFAULT NULL,
  `CODE` varchar(45) DEFAULT NULL,
  `IS_METEOROLOGICAL` tinyint(1) DEFAULT '1',
  PRIMARY KEY (`ID_VARIABLE`)
) ENGINE=InnoDB AUTO_INCREMENT=7 DEFAULT CHARSET=latin1;

--
-- Dumping data for table `smsbd`.`VARIABLE`
--

/*!40000 ALTER TABLE `VARIABLE` DISABLE KEYS */;
LOCK TABLES `VARIABLE` WRITE;
INSERT INTO `smsbd`.`VARIABLE` VALUES  (1,'Temperatura','°C','T',1),
 (2,'Lluvia','mm','L',1),
 (3,'Humedad','%','H',1),
 (4,'Presion','hPas','P',1),
 (5,'Nivel Bateria','%','BAT',0),
 (6,'Temperatura Interna','°C','TEMP',0);
UNLOCK TABLES;
/*!40000 ALTER TABLE `VARIABLE` ENABLE KEYS */;




/*!40101 SET SQL_MODE=@OLD_SQL_MODE */;
/*!40014 SET FOREIGN_KEY_CHECKS=@OLD_FOREIGN_KEY_CHECKS */;
/*!40014 SET UNIQUE_CHECKS=@OLD_UNIQUE_CHECKS */;
/*!40101 SET CHARACTER_SET_CLIENT=@OLD_CHARACTER_SET_CLIENT */;
/*!40101 SET CHARACTER_SET_RESULTS=@OLD_CHARACTER_SET_RESULTS */;
/*!40101 SET COLLATION_CONNECTION=@OLD_COLLATION_CONNECTION */;
/*!40101 SET CHARACTER_SET_CLIENT=@OLD_CHARACTER_SET_CLIENT */;
