-- MySQL dump 10.13  Distrib 5.5.9, for Win32 (x86)
--
-- Host: localhost    Database: smsbd
-- ------------------------------------------------------
-- Server version	5.5.20

/*!40101 SET @OLD_CHARACTER_SET_CLIENT=@@CHARACTER_SET_CLIENT */;
/*!40101 SET @OLD_CHARACTER_SET_RESULTS=@@CHARACTER_SET_RESULTS */;
/*!40101 SET @OLD_COLLATION_CONNECTION=@@COLLATION_CONNECTION */;
/*!40101 SET NAMES utf8 */;
/*!40103 SET @OLD_TIME_ZONE=@@TIME_ZONE */;
/*!40103 SET TIME_ZONE='+00:00' */;
/*!40014 SET @OLD_UNIQUE_CHECKS=@@UNIQUE_CHECKS, UNIQUE_CHECKS=0 */;
/*!40014 SET @OLD_FOREIGN_KEY_CHECKS=@@FOREIGN_KEY_CHECKS, FOREIGN_KEY_CHECKS=0 */;
/*!40101 SET @OLD_SQL_MODE=@@SQL_MODE, SQL_MODE='NO_AUTO_VALUE_ON_ZERO' */;
/*!40111 SET @OLD_SQL_NOTES=@@SQL_NOTES, SQL_NOTES=0 */;

--
-- Current Database: `smsbd`
--

CREATE DATABASE /*!32312 IF NOT EXISTS*/ `smsbd` /*!40100 DEFAULT CHARACTER SET utf8 */;

USE `smsbd`;

--
-- Table structure for table `alert`
--

DROP TABLE IF EXISTS `alert`;
/*!40101 SET @saved_cs_client     = @@character_set_client */;
/*!40101 SET character_set_client = utf8 */;
CREATE TABLE `alert` (
  `ID_ALERT` int(10) NOT NULL AUTO_INCREMENT,
  `ID_VARIABLE` int(10) NOT NULL,
  `ALERT_DESCRIPTION` varchar(45) NOT NULL,
  `CODE` varchar(5) NOT NULL,
  PRIMARY KEY (`ID_ALERT`),
  KEY `VARIABLE_FK` (`ID_VARIABLE`),
  CONSTRAINT `ALERT_VARIABLE_FK` FOREIGN KEY (`ID_VARIABLE`) REFERENCES `variable` (`ID_VARIABLE`) ON DELETE NO ACTION ON UPDATE NO ACTION
) ENGINE=InnoDB AUTO_INCREMENT=6 DEFAULT CHARSET=utf8;
/*!40101 SET character_set_client = @saved_cs_client */;

--
-- Dumping data for table `alert`
--

LOCK TABLES `alert` WRITE;
/*!40000 ALTER TABLE `alert` DISABLE KEYS */;
INSERT INTO `alert` VALUES (1,1,'Alerta Temperatura Maxima','T'),(2,2,'Alerta Lluvia','P'),(3,3,'Alerta humedad Máxima','H'),(4,5,'Alerta Nivel bateria de la EMA muy bajo','BAT'),(5,6,'Alerta Temperatura interna de la EMA muy alta','TEMP');
/*!40000 ALTER TABLE `alert` ENABLE KEYS */;
UNLOCK TABLES;

--
-- Table structure for table `customer`
--

DROP TABLE IF EXISTS `customer`;
/*!40101 SET @saved_cs_client     = @@character_set_client */;
/*!40101 SET character_set_client = utf8 */;
CREATE TABLE `customer` (
  `ID_CUSTOMER` int(10) NOT NULL AUTO_INCREMENT,
  `NAME` varchar(45) NOT NULL,
  `LAST_NAME` varchar(45) NOT NULL,
  `EMAIL` varchar(45) NOT NULL,
  `ADDRESS` varchar(45) NOT NULL,
  `CITY` varchar(45) NOT NULL,
  `PROVINCE` varchar(45) NOT NULL,
  `STATUS` varchar(1) DEFAULT 'E',
  `ID_SIMCARD` int(10) NOT NULL,
  PRIMARY KEY (`ID_CUSTOMER`),
  KEY `SIMCARD_FK` (`ID_SIMCARD`),
  CONSTRAINT `CUSTOMER_SIMCARD_FK` FOREIGN KEY (`ID_SIMCARD`) REFERENCES `simcard` (`ID_SIMCARD`) ON DELETE NO ACTION ON UPDATE NO ACTION
) ENGINE=InnoDB AUTO_INCREMENT=4 DEFAULT CHARSET=utf8;
/*!40101 SET character_set_client = @saved_cs_client */;

--
-- Dumping data for table `customer`
--

LOCK TABLES `customer` WRITE;
/*!40000 ALTER TABLE `customer` DISABLE KEYS */;
INSERT INTO `customer` VALUES (1,'Juan Cruz','Martini','jcruzmartini@gmail.com','Testing 1','Marcos Juarez','Cordoba','E',2),(2,'Probando','Avances','jcruzmartini@gmail.com','Paraguay 1234','Rosario','Santa Fe','E',2),(3,'Carlos','Fontana','cfontana0@gmail.com','Corrientes 666','Rosario','Santa Fe','E',4);
/*!40000 ALTER TABLE `customer` ENABLE KEYS */;
UNLOCK TABLES;

--
-- Table structure for table `error`
--

DROP TABLE IF EXISTS `error`;
/*!40101 SET @saved_cs_client     = @@character_set_client */;
/*!40101 SET character_set_client = utf8 */;
CREATE TABLE `error` (
  `ID_ERROR` int(10) NOT NULL AUTO_INCREMENT,
  `DESCRIPTION` varchar(125) NOT NULL,
  `COD_ERROR` varchar(3) NOT NULL,
  PRIMARY KEY (`ID_ERROR`)
) ENGINE=InnoDB AUTO_INCREMENT=4 DEFAULT CHARSET=utf8;
/*!40101 SET character_set_client = @saved_cs_client */;

--
-- Dumping data for table `error`
--

LOCK TABLES `error` WRITE;
/*!40000 ALTER TABLE `error` DISABLE KEYS */;
INSERT INTO `error` VALUES (1,'Error en baja de alarma - La alarma no esta dada de alta','2'),(2,'Error en el sensor de temperatura','3'),(3,'Error generico','0');
/*!40000 ALTER TABLE `error` ENABLE KEYS */;
UNLOCK TABLES;

--
-- Table structure for table `gsmmodem`
--

DROP TABLE IF EXISTS `gsmmodem`;
/*!40101 SET @saved_cs_client     = @@character_set_client */;
/*!40101 SET character_set_client = utf8 */;
CREATE TABLE `gsmmodem` (
  `ID_GSMMODEM` int(10) NOT NULL AUTO_INCREMENT,
  `BRANCH` varchar(45) NOT NULL,
  `MODEL` varchar(45) NOT NULL,
  `PORT` varchar(12) NOT NULL,
  `BAUDIOS` int(10) NOT NULL,
  `PIN_SIM` varchar(45) NOT NULL,
  `IS_SENDER` tinyint(1) NOT NULL,
  `IS_RECEIVER` tinyint(1) NOT NULL,
  `ID_SIMCARD` int(10) NOT NULL,
  `ENABLE` tinyint(1) NOT NULL,
  PRIMARY KEY (`ID_GSMMODEM`),
  KEY `GSMMODEM_SIMCARD_FK` (`ID_SIMCARD`),
  CONSTRAINT `GSMMODEM_SIMCARD_FK` FOREIGN KEY (`ID_SIMCARD`) REFERENCES `simcard` (`ID_SIMCARD`) ON DELETE NO ACTION ON UPDATE NO ACTION
) ENGINE=InnoDB AUTO_INCREMENT=2 DEFAULT CHARSET=utf8;
/*!40101 SET character_set_client = @saved_cs_client */;

--
-- Dumping data for table `gsmmodem`
--

LOCK TABLES `gsmmodem` WRITE;
/*!40000 ALTER TABLE `gsmmodem` DISABLE KEYS */;
INSERT INTO `gsmmodem` VALUES (1,'WAVECOM','2DEE','/dev/ttyS0',115200,'0000',1,1,6,1);
/*!40000 ALTER TABLE `gsmmodem` ENABLE KEYS */;
UNLOCK TABLES;

--
-- Table structure for table `measures`
--

DROP TABLE IF EXISTS `measures`;
/*!40101 SET @saved_cs_client     = @@character_set_client */;
/*!40101 SET character_set_client = utf8 */;
CREATE TABLE `measures` (
  `ID_MEASURE` int(10) NOT NULL AUTO_INCREMENT,
  `ID_STATION` int(10) NOT NULL,
  `ID_VARIABLE` int(10) NOT NULL,
  `VALUE` double NOT NULL,
  `DATE` datetime NOT NULL,
  PRIMARY KEY (`ID_MEASURE`),
  KEY `MEASURES_STATION_FK` (`ID_STATION`),
  KEY `MEASURES_VARIABLE_FK` (`ID_VARIABLE`),
  CONSTRAINT `MEASURES_STATION_FK` FOREIGN KEY (`ID_STATION`) REFERENCES `station` (`ID_STATION`) ON DELETE NO ACTION ON UPDATE NO ACTION,
  CONSTRAINT `MEASURES_VARIABLE_FK` FOREIGN KEY (`ID_VARIABLE`) REFERENCES `variable` (`ID_VARIABLE`) ON DELETE NO ACTION ON UPDATE NO ACTION
) ENGINE=InnoDB AUTO_INCREMENT=139 DEFAULT CHARSET=utf8;
/*!40101 SET character_set_client = @saved_cs_client */;

--
-- Dumping data for table `measures`
--

LOCK TABLES `measures` WRITE;
/*!40000 ALTER TABLE `measures` DISABLE KEYS */;
INSERT INTO `measures` VALUES (43,1,2,25,'2011-03-21 06:00:45'),(44,1,1,25.2,'2011-03-21 06:00:45'),(45,1,3,25,'2011-03-21 06:00:45'),(46,1,2,25,'2011-03-21 03:00:45'),(47,1,1,25.2,'2011-03-21 03:00:45'),(48,1,3,25,'2011-03-21 03:00:45'),(49,1,2,25,'2011-03-21 05:00:45'),(50,1,1,25.2,'2011-03-21 05:00:45'),(51,1,3,25,'2011-03-21 05:00:45'),(52,1,3,25,'2011-03-21 02:00:45'),(53,1,1,25.2,'2011-03-21 02:00:45'),(54,1,2,25,'2011-03-21 02:00:45'),(55,1,1,25.2,'2011-03-21 01:00:45'),(56,1,2,25,'2011-03-21 01:00:45'),(57,1,3,25,'2011-03-21 01:00:45'),(58,1,2,25,'2011-03-21 04:00:45'),(59,1,1,25.2,'2011-03-21 04:00:45'),(60,1,3,25,'2011-03-21 04:00:45'),(61,1,2,25,'2011-03-21 06:00:54'),(62,1,3,25,'2011-03-21 06:00:54'),(63,1,1,25.2,'2011-03-21 06:00:54'),(64,1,3,25,'2011-03-21 03:00:54'),(65,1,1,25.2,'2011-03-21 03:00:54'),(66,1,2,25,'2011-03-21 03:00:54'),(67,1,2,25,'2011-03-21 05:00:54'),(68,1,3,25,'2011-03-21 05:00:54'),(69,1,1,25.2,'2011-03-21 05:00:54'),(70,1,2,25,'2011-03-21 02:00:54'),(71,1,1,25.2,'2011-03-21 02:00:54'),(72,1,3,25,'2011-03-21 02:00:54'),(73,1,2,25,'2011-03-21 01:00:54'),(74,1,1,25.2,'2011-03-21 01:00:54'),(75,1,3,25,'2011-03-21 01:00:54'),(76,1,1,25.2,'2011-03-21 04:00:54'),(77,1,2,25,'2011-03-21 04:00:54'),(78,1,3,25,'2011-03-21 04:00:54'),(79,1,1,25.2,'2011-03-22 06:00:16'),(80,1,3,25,'2011-03-22 06:00:16'),(81,1,2,25,'2011-03-22 06:00:16'),(82,1,2,25,'2011-03-22 03:00:16'),(83,1,3,25,'2011-03-22 03:00:16'),(84,1,1,25.2,'2011-03-22 03:00:16'),(85,1,3,25,'2011-03-22 05:00:16'),(86,1,1,25.2,'2011-03-22 05:00:16'),(87,1,2,25,'2011-03-22 05:00:16'),(88,1,3,25,'2011-03-22 02:00:16'),(89,1,2,25,'2011-03-22 02:00:16'),(90,1,1,25.2,'2011-03-22 02:00:16'),(91,1,3,25,'2011-03-22 01:00:16'),(92,1,1,25.2,'2011-03-22 01:00:16'),(93,1,2,25,'2011-03-22 01:00:16'),(94,1,2,25,'2011-03-22 04:00:16'),(95,1,1,25.2,'2011-03-22 04:00:16'),(96,1,3,25,'2011-03-22 04:00:16'),(97,1,1,25.2,'2011-03-29 06:00:00'),(98,1,2,25,'2011-03-29 06:00:00'),(99,1,3,25,'2011-03-29 06:00:00'),(100,1,1,25.2,'2011-03-29 03:00:00'),(101,1,3,25,'2011-03-29 03:00:00'),(102,1,2,25,'2011-03-29 03:00:00'),(103,1,1,25.2,'2011-03-29 05:00:00'),(104,1,2,25,'2011-03-29 05:00:00'),(105,1,3,25,'2011-03-29 05:00:00'),(106,1,1,25.2,'2011-03-29 02:00:00'),(107,1,3,25,'2011-03-29 02:00:00'),(108,1,2,25,'2011-03-29 02:00:00'),(109,1,1,25.2,'2011-03-29 01:00:00'),(110,1,2,25,'2011-03-29 01:00:00'),(111,1,3,25,'2011-03-29 01:00:00'),(112,1,1,25.2,'2011-03-29 04:00:00'),(113,1,2,25,'2011-03-29 04:00:00'),(114,1,3,25,'2011-03-29 04:00:00'),(115,1,2,180.1,'2016-10-12 11:16:00'),(116,1,3,99,'2016-10-12 11:16:00'),(117,1,4,1002,'2016-10-12 11:16:00'),(118,1,1,45,'2016-10-12 11:16:00'),(119,1,4,1002,'2016-10-12 11:16:00'),(120,1,1,45,'2016-10-12 11:16:00'),(121,1,3,99,'2016-10-12 11:16:00'),(122,1,2,180.1,'2016-10-12 11:16:00'),(123,1,3,99,'2012-10-12 11:02:00'),(124,1,4,1006,'2012-10-12 11:02:00'),(125,1,2,105,'2012-10-12 11:02:00'),(126,1,1,20.2,'2012-10-12 11:02:00'),(127,1,1,20.2,'2012-10-12 11:02:00'),(128,1,3,99,'2012-10-12 11:02:00'),(129,1,4,1006,'2012-10-12 11:02:00'),(130,1,2,105,'2012-10-12 11:02:00'),(131,1,4,1006,'2012-10-12 11:02:00'),(132,1,1,20.2,'2012-10-12 11:02:00'),(133,1,3,99,'2012-10-12 11:02:00'),(134,1,2,105,'2012-10-12 11:02:00'),(135,1,4,1006,'2012-10-12 11:02:00'),(136,1,1,20.2,'2012-10-12 11:02:00'),(137,1,3,99,'2012-10-12 11:02:00'),(138,1,2,105,'2012-10-12 11:02:00');
/*!40000 ALTER TABLE `measures` ENABLE KEYS */;
UNLOCK TABLES;

--
-- Table structure for table `rulesxcustomer`
--

DROP TABLE IF EXISTS `rulesxcustomer`;
/*!40101 SET @saved_cs_client     = @@character_set_client */;
/*!40101 SET character_set_client = utf8 */;
CREATE TABLE `rulesxcustomer` (
  `ID_RULE` int(10) NOT NULL,
  `ID_CUSTOMER` int(10) NOT NULL,
  `ORDER` int(10) NOT NULL,
  PRIMARY KEY (`ID_RULE`,`ID_CUSTOMER`),
  KEY `RXC_RULES_FK` (`ID_RULE`),
  KEY `RXC_CUSTOMER_FK` (`ID_CUSTOMER`),
  CONSTRAINT `RXC_CUSTOMER_FK` FOREIGN KEY (`ID_CUSTOMER`) REFERENCES `customer` (`ID_CUSTOMER`) ON DELETE NO ACTION ON UPDATE NO ACTION,
  CONSTRAINT `RXC_RULES_FK` FOREIGN KEY (`ID_RULE`) REFERENCES `validation_rule` (`ID_RULE`) ON DELETE NO ACTION ON UPDATE NO ACTION
) ENGINE=InnoDB DEFAULT CHARSET=utf8;
/*!40101 SET character_set_client = @saved_cs_client */;

--
-- Dumping data for table `rulesxcustomer`
--

LOCK TABLES `rulesxcustomer` WRITE;
/*!40000 ALTER TABLE `rulesxcustomer` DISABLE KEYS */;
INSERT INTO `rulesxcustomer` VALUES (1,1,1),(2,1,2);
/*!40000 ALTER TABLE `rulesxcustomer` ENABLE KEYS */;
UNLOCK TABLES;

--
-- Table structure for table `simcard`
--

DROP TABLE IF EXISTS `simcard`;
/*!40101 SET @saved_cs_client     = @@character_set_client */;
/*!40101 SET character_set_client = utf8 */;
CREATE TABLE `simcard` (
  `ID_SIMCARD` int(10) NOT NULL AUTO_INCREMENT,
  `NUMBER` varchar(45) NOT NULL,
  `COMPANY` varchar(45) NOT NULL,
  PRIMARY KEY (`ID_SIMCARD`)
) ENGINE=InnoDB AUTO_INCREMENT=8 DEFAULT CHARSET=utf8;
/*!40101 SET character_set_client = @saved_cs_client */;

--
-- Dumping data for table `simcard`
--

LOCK TABLES `simcard` WRITE;
/*!40000 ALTER TABLE `simcard` DISABLE KEYS */;
INSERT INTO `simcard` VALUES (1,'5493415460866','CLARO'),(2,'5493472436172','CLARO'),(3,'5493415775431','MOVISTAR'),(4,'5493413091570','MOVISTAR'),(5,'5493472437449','CLARO'),(6,'5493416527111','CLARO'),(7,'5493416527105','CLARO');
/*!40000 ALTER TABLE `simcard` ENABLE KEYS */;
UNLOCK TABLES;

--
-- Table structure for table `sms`
--

DROP TABLE IF EXISTS `sms`;
/*!40101 SET @saved_cs_client     = @@character_set_client */;
/*!40101 SET character_set_client = utf8 */;
CREATE TABLE `sms` (
  `ID_SMS` int(10) NOT NULL AUTO_INCREMENT,
  `DATE` datetime NOT NULL,
  `FROME` varchar(45) NOT NULL,
  `STATE` varchar(10) NOT NULL,
  `TEXT` varchar(165) NOT NULL,
  `TOKEN_NUMBER` int(10) DEFAULT '-1',
  `ERROR_CODE` varchar(45) DEFAULT NULL,
  `REF_NUMBER` varchar(45) DEFAULT NULL,
  `RETRIES` int(10) DEFAULT '5',
  `DELIVERED_AT` datetime DEFAULT NULL,
  `SENT_AT` datetime DEFAULT NULL,
  `SENT_BY_MODEM_ID` varchar(5) DEFAULT NULL,
  `RECEIVED_AT` datetime DEFAULT NULL,
  `CONFIRMATION_ID` varchar(5) DEFAULT NULL,
  PRIMARY KEY (`ID_SMS`)
) ENGINE=InnoDB AUTO_INCREMENT=158 DEFAULT CHARSET=utf8;
/*!40101 SET character_set_client = @saved_cs_client */;

--
-- Dumping data for table `sms`
--

LOCK TABLES `sms` WRITE;
/*!40000 ALTER TABLE `sms` DISABLE KEYS */;
INSERT INTO `sms` VALUES (10,'2011-03-18 00:00:00','5493415460866','S','A|T|22.2',-1,NULL,NULL,5,NULL,NULL,NULL,NULL,NULL),(11,'2011-03-19 00:00:00','5493415460866','S','A|T|22.2',-1,NULL,NULL,5,NULL,NULL,NULL,NULL,NULL),(12,'2011-03-19 00:00:00','5493415460866','S','A|T|22.2',-1,NULL,NULL,5,NULL,NULL,NULL,NULL,NULL),(13,'2011-03-19 00:00:00','5493415460866','S','A|T|22.2',-1,NULL,NULL,5,NULL,NULL,NULL,NULL,NULL),(14,'2011-03-19 00:00:00','5493415460866','C','A|T|22.2',-1,NULL,NULL,5,NULL,NULL,NULL,NULL,NULL),(15,'2011-03-19 00:00:00','5493415460866','C','A|T|22.2',-1,NULL,NULL,5,NULL,NULL,NULL,NULL,NULL),(16,'2011-03-19 00:00:00','5493472436171','C','Tiempo',-1,NULL,NULL,5,NULL,NULL,NULL,NULL,NULL),(17,'2011-03-19 00:00:00','5493472436171','C','Tiempo',-1,NULL,NULL,5,NULL,NULL,NULL,NULL,NULL),(18,'2011-03-19 00:00:00','5493415460866','C','R|T:22*P:25*H:32',-1,NULL,NULL,5,NULL,NULL,NULL,NULL,NULL),(19,'2011-03-19 00:00:00','5493472436171','C','Tiempo',-1,NULL,NULL,5,NULL,NULL,NULL,NULL,NULL),(20,'2011-03-19 00:00:00','5493415460866','C','R|T:22*P:25*H:32',-1,NULL,NULL,5,NULL,NULL,NULL,NULL,NULL),(21,'2011-03-19 13:43:21','5493472436171','C','Tiempo',-1,NULL,NULL,5,NULL,NULL,NULL,NULL,NULL),(22,'2011-03-19 13:45:10','5493415460866','C','R|T:22*P:25*H:32',-1,NULL,NULL,5,NULL,NULL,NULL,NULL,NULL),(23,'2011-03-21 21:29:02','5493415460866','C','D|00:00#T:25.2*H:25*P:25',-1,NULL,NULL,5,NULL,NULL,NULL,NULL,NULL),(24,'2011-03-21 21:59:33','5493415460866','C','D|00:00#T:25.2*H:25*P:25',-1,NULL,NULL,5,NULL,NULL,NULL,NULL,NULL),(25,'2011-03-21 22:06:25','5493415460866','F','D|0#:25.2*H:25*P:25',-1,NULL,NULL,5,NULL,NULL,NULL,NULL,NULL),(26,'2011-03-21 22:16:32','5493415460866','F','R|00:00#T:25.2*H:25*P:25',-1,NULL,NULL,5,NULL,NULL,NULL,NULL,NULL),(27,'2011-03-21 22:36:07','5493415460866','F','A|X|2',-1,NULL,NULL,5,NULL,NULL,NULL,NULL,NULL),(28,'2011-03-21 22:49:02','5493415460866','C','D|01:00#T:25.2*H:25*P:25|02:00#T:25.2*H:25*P:25|03:00#T:25.2*H:25*P:25|04:00#T:25.2*H:25*P:25|05:00#T:25.2*H:25*P:25|06:00#T:25.2*H:25*P:25',-1,NULL,NULL,5,NULL,NULL,NULL,NULL,NULL),(29,'2011-03-21 23:07:06','5493415460866','C','D|01:00#T:25.2*H:25*P:25|02:00#T:25.2*H:25*P:25|03:00#T:25.2*H:25*P:25|04:00#T:25.2*H:25*P:25|05:00#T:25.2*H:25*P:25|06:00#T:25.2*H:25*P:25',-1,NULL,NULL,5,NULL,NULL,NULL,NULL,NULL),(30,'2011-03-21 23:28:45','5493415460866','C','D|01:00#T:25.2*H:25*P:25|02:00#T:25.2*H:25*P:25|03:00#T:25.2*H:25*P:25|04:00#T:25.2*H:25*P:25|05:00#T:25.2*H:25*P:25|06:00#T:25.2*H:25*P:25',-1,NULL,NULL,5,NULL,NULL,NULL,NULL,NULL),(31,'2011-03-21 23:41:54','5493415460866','S','D|01:00#T:25.2*H:25*P:25|02:00#T:25.2*H:25*P:25|03:00#T:25.2*H:25*P:25|04:00#T:25.2*H:25*P:25|05:00#T:25.2*H:25*P:25|06:00#T:25.2*H:25*P:25',-1,NULL,NULL,5,NULL,NULL,NULL,NULL,NULL),(32,'2011-03-22 00:18:16','5493415460866','C','D|01:00#T:25.2*H:25*P:25|02:00#T:25.2*H:25*P:25|03:00#T:25.2*H:25*P:25|04:00#T:25.2*H:25*P:25|05:00#T:25.2*H:25*P:25|06:00#T:25.2*H:25*P:25',-1,NULL,NULL,5,NULL,NULL,NULL,NULL,NULL),(33,'2011-03-22 00:18:16','5493415460866','C','D|01:00#T:25.2*H:25*P:25|02:00#T:25.2*H:25*P:25|03:00#T:25.2*H:25*P:25|04:00#T:25.2*H:25*P:25|05:00#T:25.2*H:25*P:25|06:00#T:25.2*H:25*P:25',-1,NULL,NULL,5,NULL,NULL,NULL,NULL,NULL),(34,'2011-03-29 20:01:23','5493415460866','F','A|T|22.2',-1,NULL,NULL,5,NULL,NULL,NULL,NULL,NULL),(35,'2011-03-29 20:15:33','5493415460866','C','A|T|22.2',-1,NULL,NULL,5,NULL,NULL,NULL,NULL,NULL),(36,'2011-03-29 23:37:16','5493415460866','C','D|01:00#T:25.2*H:25*P:25|02:00#T:25.2*H:25*P:25|03:00#T:25.2*H:25*P:25|04:00#T:25.2*H:25*P:25|05:00#T:25.2*H:25*P:25|06:00#T:25.2*H:25*P:25',-1,NULL,NULL,5,NULL,NULL,NULL,NULL,NULL),(37,'2011-03-29 23:40:11','5493415460866','F','R|V+',-1,NULL,NULL,5,NULL,NULL,NULL,NULL,NULL),(38,'2011-03-29 23:52:46','5493415460866','BF','R|V+',-1,NULL,NULL,5,NULL,NULL,NULL,NULL,NULL),(39,'2011-03-30 00:12:18','5493415460866','C','A|T|22.2',-1,NULL,NULL,5,NULL,NULL,NULL,NULL,NULL),(40,'2011-03-30 00:13:43','5493415460866','C','A|T|22.2',-1,NULL,NULL,5,NULL,NULL,NULL,NULL,NULL),(41,'2011-04-30 16:52:51','5493415460866','C','A|T|22.2',-1,NULL,NULL,5,NULL,NULL,NULL,NULL,NULL),(42,'2012-01-03 19:51:09','5493415460866','F','A|T|22.6',-1,NULL,NULL,5,NULL,NULL,NULL,NULL,NULL),(43,'2012-01-03 19:51:09','5493415460866','F','A|T|22.6',-1,NULL,NULL,5,NULL,NULL,NULL,NULL,NULL),(44,'2012-01-03 21:11:45','5493415460866','F','A|T|22.6',-1,NULL,NULL,5,NULL,NULL,NULL,NULL,NULL),(45,'2012-01-03 21:11:45','5493415460866','C','A|T|22.6',-1,NULL,NULL,5,NULL,NULL,NULL,NULL,NULL),(46,'2012-01-03 22:40:00','5493415460866','BF','D|DDMMYY|hh:mm#T:0000*L:00000* H:00*P:0000|hh:mm#T:0000*L: 00000*H:00*P:0000|hh:mm#T: 0000*L:00000*H:00*P:0000|hh: mm#T:0000*L:00000*H:00*P:0000',-1,NULL,NULL,5,NULL,NULL,NULL,NULL,NULL),(47,'2012-01-03 22:59:59','5493415460866','BF','D|161012|11:16#T:0000*L:00000* H:00*P:0000|11:16#T:0000*L: 00000*H:00*P:0000|11:16#T: 0000*L:00000*H:00*P:0000|11: 16#T:0000*L:00000*H:00*P:0000',-1,NULL,NULL,5,NULL,NULL,NULL,NULL,NULL),(48,'2012-01-03 23:00:41','5493472448259','BF','Tiene heladera el quincho?',-1,NULL,NULL,5,NULL,NULL,NULL,NULL,NULL),(49,'2012-01-03 23:24:53','5493415460866','C','D|161012|11:16#T:45*L:180.1*H:99*P:1002|11:16#T:45*L:180.1*H:99*P:1002|11:16#T:45*L:180.1*H:99*P:1002|11:16#T:45*L:180.1*H:99*P:1002',-1,NULL,NULL,5,NULL,NULL,NULL,NULL,NULL),(50,'2012-01-07 10:11:12','SERVER','C','SERVER',-1,NULL,NULL,5,NULL,NULL,NULL,NULL,NULL),(51,'2012-01-09 23:48:45','5493415460866','WCS','A|T|45|126',-1,NULL,NULL,5,NULL,NULL,NULL,NULL,NULL),(52,'2012-01-09 23:56:15','SERVER','S','OK',-1,NULL,NULL,5,NULL,NULL,NULL,NULL,NULL),(53,'2012-01-10 00:06:57','5493415460866','X','A|T|45|126',-1,NULL,NULL,5,NULL,NULL,NULL,NULL,NULL),(54,'2012-01-10 00:18:12','SERVER','X','OK[|]126',-1,NULL,NULL,5,NULL,NULL,NULL,NULL,NULL),(55,'2012-01-10 00:22:50','5493415460866','F','R|T:23.6*L:124*H:56*P:1234|125',-1,NULL,NULL,5,NULL,NULL,NULL,NULL,NULL),(56,'2012-01-10 00:22:50','5493415460866','BF','R|T:23.6*L:124*H:56*p:1234',-1,NULL,NULL,5,NULL,NULL,NULL,NULL,NULL),(57,'2012-01-10 00:29:03','5493415460866','F','R|T:23.6*L:124*H:56*P:1234|55',-1,NULL,NULL,5,NULL,NULL,NULL,NULL,NULL),(58,'2012-01-10 00:40:39','SERVER','X','FAIL|55',-1,NULL,NULL,5,NULL,NULL,NULL,NULL,NULL),(59,'2012-01-10 00:52:56','5493415775431','C','TIEMPO',-1,NULL,NULL,5,NULL,NULL,NULL,NULL,NULL),(60,'2012-01-10 00:58:49','5493415460866','BF','Vgjkyvcaf',-1,NULL,NULL,5,NULL,NULL,NULL,NULL,NULL),(61,'2012-01-10 01:28:13','5493415460866','C','R|T:23.6*L:124*H:56*P:1234|55',-1,NULL,NULL,5,NULL,NULL,NULL,NULL,NULL),(62,'2012-01-10 01:51:05','SERVER','S','OK|55',-1,NULL,NULL,5,NULL,NULL,NULL,NULL,NULL),(63,'2012-01-10 01:54:24','5493415775431','BF','Gracias ema!',-1,NULL,NULL,5,NULL,NULL,NULL,NULL,NULL),(64,'2012-01-10 01:49:33','5493415460866','S','R|T:23.6*L:124*H:56*P:1234|55',-1,NULL,NULL,5,NULL,NULL,NULL,NULL,NULL),(65,'2012-01-10 02:02:14','SERVER','S','OK|55',-1,NULL,NULL,5,NULL,NULL,NULL,NULL,NULL),(66,'2012-03-06 19:47:19','03413091570','W','CLIMA',7311,NULL,'',3,NULL,'2012-03-06 19:58:08','1',NULL,NULL),(67,'2012-03-06 20:09:31','03413091570','W','CLIMA',7888,NULL,'',3,NULL,'2012-03-06 20:32:04','1',NULL,NULL),(68,'2012-03-06 20:21:45','03413091570','S','CLIMA',2223,NULL,'',3,NULL,'2012-03-06 20:27:39','1',NULL,NULL),(69,'2012-02-24 23:15:22','5493413035518','BF','Estamos a punto de comer en magdalena, veni',-1,NULL,NULL,3,NULL,NULL,NULL,NULL,NULL),(70,'2012-02-24 23:21:11','5493413035518','BF','Veni y te prendes al misil de cerveza,,, ale, palmera, mi hno mas chico',-1,NULL,NULL,3,NULL,NULL,NULL,NULL,NULL),(71,'2012-02-24 23:22:30','5493413035518','BF','Ok',-1,NULL,NULL,3,NULL,NULL,NULL,NULL,NULL),(72,'2012-02-26 00:42:37','5493472447081','BF','Recibiste una llamada del numero 5493472447081 el dia 26/02 a las 00:42 hs. Manda Ideas al 1234 y descarga los mejores contenidos. Info en *611',-1,NULL,NULL,3,NULL,NULL,NULL,NULL,NULL),(73,'2012-02-26 05:08:41','5493472529606','BF','Hola! Cacu como estar?',-1,NULL,NULL,3,NULL,NULL,NULL,NULL,NULL),(74,'2012-02-26 06:06:47','5493472505651','BF','Vamos estoy en la esquina de la estacione',-1,NULL,NULL,3,NULL,NULL,NULL,NULL,NULL),(75,'2012-02-26 06:09:49','5493472505651','BF','Si o no martini',-1,NULL,NULL,3,NULL,NULL,NULL,NULL,NULL),(76,'2012-02-26 06:14:11','5493472505651','BF','Jajajaja mis cero cacu y lo sabes',-1,NULL,NULL,3,NULL,NULL,NULL,NULL,NULL),(77,'2012-02-26 11:49:16','5493472505651','BF','Jajaja recien veo el mensaje parareces un chiquilin cuando pones esoo esta noche t tiento besitosssss',-1,NULL,NULL,3,NULL,NULL,NULL,NULL,NULL),(78,'2012-02-28 18:53:24','5493472436171','BF','Recibiste una llamada del numero 5493472436171 el dia 28/02 a las 18:27 hs. Manda Ideas al 1234 y descarga los mejores contenidos. Info en *611',-1,NULL,NULL,3,NULL,NULL,NULL,NULL,NULL),(79,'2012-02-26 17:59:46','5493472583651','BF','Recibiste una llamada del numero 5493472583651 el dia 26/02 a las 17:59 hs. Manda Ideas al 1234 y descarga los mejores contenidos. Info en *611',-1,NULL,NULL,3,NULL,NULL,NULL,NULL,NULL),(80,'2012-02-26 18:53:38','5493472439007','BF','Recibiste una llamada del numero 5493472439007 el dia 26/02 a las 18:53 hs. Manda Ideas al 1234 y descarga los mejores contenidos. Info en *611',-1,NULL,NULL,3,NULL,NULL,NULL,NULL,NULL),(81,'2012-02-27 02:59:29','5493472436560','BF','Me voy a dormir. Abrazo',-1,NULL,NULL,3,NULL,NULL,NULL,NULL,NULL),(82,'2012-02-27 12:46:23','5493472436171','BF','Me dejaste con el pollo al horno preparado. Si fuera algun amigo ibas.',-1,NULL,NULL,3,NULL,NULL,NULL,NULL,NULL),(83,'2012-02-27 19:24:07','5493472500936','BF','Brother venite  a kasa !es el cumple de gabi ´.nino',-1,NULL,NULL,3,NULL,NULL,NULL,NULL,NULL),(84,'2012-03-06 19:14:43','5493472436559','BF','Recibiste una llamada del numero 5493472436559 el dia 06/03 a las 18:51 hs. Manda Ideas al 1234 y descarga los mejores contenidos. Info en *611',-1,NULL,NULL,3,NULL,NULL,NULL,NULL,NULL),(85,'2012-02-29 17:36:01','5493472436171','BF','Todo bien?  Llamame! ',-1,NULL,NULL,3,NULL,NULL,NULL,NULL,NULL),(86,'2012-03-02 09:18:31','5493472436171','BF','Como estas hoy?',-1,NULL,NULL,3,NULL,NULL,NULL,NULL,NULL),(87,'2012-03-02 09:20:58','5493472436171','BF','Precioso estas trabajando?',-1,NULL,NULL,3,NULL,NULL,NULL,NULL,NULL),(88,'2012-03-02 09:22:47','5493472436171','BF','Bueno! Besossss  nos hablamos',-1,NULL,NULL,3,NULL,NULL,NULL,NULL,NULL),(89,'2012-03-06 20:27:43','5493472437449','W','CLIMA',4001,NULL,'',3,NULL,'2012-03-06 20:37:07','1',NULL,NULL),(90,'2012-03-06 20:32:01','5493472437449','W','CLIMA',9644,NULL,'',3,NULL,'2012-03-06 20:47:22','1',NULL,NULL),(91,'2012-03-06 20:37:13','5493472437449','W','CLIMA',4778,NULL,'',3,NULL,'2012-03-06 20:47:29','1',NULL,NULL),(92,'2012-03-06 20:47:27','5493472437449','W','CLIMA',6159,NULL,'',3,NULL,'2012-03-13 01:47:21','*',NULL,NULL),(93,'2012-03-06 20:47:46','5493472437449','W','CLIMA',2894,NULL,'',3,NULL,'2012-03-13 01:47:30','*',NULL,NULL),(94,'2012-03-06 21:03:10','5493472437449','W','CLIMA',9906,NULL,'',3,NULL,'2012-03-13 01:49:16','*',NULL,NULL),(95,'2012-03-06 21:05:30','5493472437449','S','CLIMA',6006,NULL,'116',3,NULL,'2012-03-07 01:46:20','1',NULL,NULL),(96,'2012-03-07 01:45:32','5493415460866','C','CLIMA',2320,NULL,NULL,3,NULL,NULL,NULL,NULL,NULL),(97,'2012-03-07 18:49:02','5493413091570','BF','Sexo al 636',-1,NULL,NULL,3,NULL,NULL,NULL,NULL,NULL),(98,'2012-03-07 09:39:35','5493472436171','BF','El tuchi me trajo 27O pesos para vos! ',-1,NULL,NULL,3,NULL,NULL,NULL,NULL,NULL),(99,'2017-10-19 22:33:47','5493472436171','BF','Drì£¥L@:rRè£¥L',-1,NULL,NULL,3,NULL,NULL,NULL,NULL,NULL),(100,'2012-03-08 01:01:07','5493415460866','C','CLIMA',8595,NULL,'109',3,NULL,'2012-03-14 01:20:21','1',NULL,NULL),(102,'2012-03-11 22:14:13','5493472436171','BF','Ok bebe besossss ',-1,NULL,NULL,3,NULL,NULL,NULL,NULL,NULL),(103,'2012-03-12 11:42:50','5493472436171','BF','Estas  bien?',-1,NULL,NULL,3,NULL,NULL,NULL,NULL,NULL),(104,'2012-03-13 20:58:20','54','BF','Se acreditaron ¿20,00 validos por 20 dias. Recibiste ¿10 promocionales Transaccion: 293684596 realizada el 13/03.',-1,NULL,NULL,3,NULL,NULL,NULL,NULL,NULL),(105,'2012-03-13 20:59:41','Claro','BF','Con tu ultima recarga de tarjeta se habilitaron las llamadas gratuitas a tu numero elegido hasta el dia 12-APR-12',-1,NULL,NULL,3,NULL,NULL,NULL,NULL,NULL),(106,'2012-03-13 20:59:42','Claro','BF','Con tu ultima recarga de tarjeta se habilitaron las llamadas gratuitas a tu numero elegido hasta el dia 12-APR-12',-1,NULL,NULL,3,NULL,NULL,NULL,NULL,NULL),(107,'2012-03-13 23:03:15','3733','BF','Tu nueva clave para acceder al sitio de autogestion de Claro es 5463. Accede ahora a traves de http://www.claro.com.ar',-1,NULL,NULL,3,NULL,NULL,NULL,NULL,NULL),(108,'2012-03-13 23:35:40','Claro','BF','Para poder comunicarte con tus destinos libres, recarga una tarjeta de $20 o mas y segui comunicandote GRATIS!',-1,NULL,NULL,3,NULL,NULL,NULL,NULL,NULL),(109,'2012-03-14 00:08:19','5493472437449','C','R|T:23.6*L:123*H:36|8239',-1,NULL,'105',3,NULL,'2012-03-14 00:26:53','1',NULL,NULL),(110,'2012-03-14 00:56:24','5493472437449','C','R|T:23.6*L:123*H:36|8595',-1,NULL,'108',3,NULL,'2012-03-14 00:57:03','1',NULL,NULL),(111,'2012-03-14 01:21:51','5493472437449','C','A|T|50',-1,NULL,'110',3,NULL,'2012-03-14 01:57:27','1','2012-03-14 01:35:39',NULL),(112,'2012-03-14 01:50:36','5493472437449','C','A|T|50',-1,NULL,'111',3,NULL,'2012-03-14 01:57:44','1','2012-03-14 01:51:05',NULL),(113,'2156-10-19 15:03:41','5493472436171','BF','hlì£?òD:bRè£?òè',-1,NULL,NULL,3,NULL,NULL,NULL,NULL,NULL),(114,'2012-03-14 02:03:02','5493472437449','C','A|T|50|26',-1,NULL,'114',3,NULL,'2012-03-19 02:34:52','1','2012-03-14 02:03:28',NULL),(115,'2012-03-15 12:44:29','Claro','BF','Queremos que te comuniques mas que nunca! Solo por hoy recarga tu Claro y DUPLICA desde $30! TRIPLICA desde $50! Condiciones en www.claro.com.ar',-1,NULL,NULL,3,NULL,NULL,NULL,NULL,NULL),(117,'2012-03-19 02:34:57','SERVER','C','OK|26',-1,NULL,'115',3,NULL,'2012-03-19 02:35:55','1',NULL,NULL),(118,'2012-03-20 03:14:34','5493415460866','BF','Gratis',-1,NULL,NULL,3,NULL,NULL,NULL,NULL,NULL),(119,'2037-10-19 15:03:41','5493472436171','BF','hlì£??H!dRè£??ò',-1,NULL,NULL,3,NULL,NULL,NULL,NULL,NULL),(120,'2012-03-20 19:31:09','5493415460866','S','CLIMA|31',31,NULL,NULL,3,NULL,NULL,NULL,'2012-03-20 19:33:05',NULL),(121,'2012-03-20 19:53:26','5493415460866','C','CLIMA|56',56,NULL,'116',3,NULL,'2012-03-20 21:41:19','1','2012-03-20 21:39:59',NULL),(122,'2012-03-20 22:55:52','5493415460866','C','CLIMA|94',94,NULL,'117',3,NULL,'2012-03-20 23:27:42','1','2012-03-20 22:57:25',NULL),(123,'2012-03-20 23:28:01','5493415460866','F','CLIMA|67|81',81,NULL,'118',3,'2012-03-20 23:36:55','2012-03-20 23:31:50','1','2012-03-20 23:29:09',NULL),(124,'2012-03-20 23:45:47','5493472437449','C','R|T:22*L:12.2*H:36',-1,NULL,'119',3,NULL,'2012-03-21 00:13:20','1','2012-03-21 00:12:32',NULL),(125,'2012-03-21 00:15:18','5493415460866','F','CLIMA|99',99,NULL,'120',3,'2012-03-21 00:17:04','2012-03-21 00:15:44','1','2012-03-21 00:15:32',NULL),(126,'2012-03-21 00:17:51','5493472437449','C','R|T:22*L:12.2*H:36',-1,NULL,'121',3,NULL,'2012-03-21 00:18:59','1','2012-03-21 00:18:14',NULL),(127,'2012-03-21 00:24:58','5493415460866','F','CLIMA|18',18,NULL,'122',3,'2012-03-21 00:26:29','2012-03-21 00:25:35','1','2012-03-21 00:25:23',NULL),(128,'2012-03-21 00:27:02','5493472437449','S','R|T:22*L:12.2*H:36',-1,NULL,NULL,3,NULL,NULL,NULL,'2012-03-21 00:27:30',NULL),(129,'2012-03-21 00:27:02','5493472437449','BF','R|T:22*L:12.2*H:36',-1,NULL,NULL,3,NULL,NULL,NULL,NULL,NULL),(130,'2012-03-21 00:43:51','5493415460866','C','CLIMA|71',71,NULL,'123',3,'2012-03-21 00:46:24','2012-03-21 00:45:01','1','2012-03-21 00:44:41',NULL),(131,'2012-03-21 00:45:45','5493472437449','C','R|T:22*L:12.2*H:36|71',-1,NULL,'124',3,NULL,'2012-03-21 00:46:50','1','2012-03-21 00:46:09',NULL),(132,'2012-03-21 00:50:52','5493472437449','C','A|T|50|16',-1,NULL,'125',3,NULL,'2012-03-21 01:06:41','1','2012-03-21 01:05:45','16'),(133,'2012-03-21 01:06:49','SERVER','C','C|1|16',-1,NULL,'126',3,NULL,'2012-03-21 01:07:13','1',NULL,NULL),(134,'2012-03-21 01:10:34','5493472437449','F','EST|BAT|50|11',-1,NULL,NULL,3,NULL,NULL,NULL,'2012-03-21 01:11:38','11'),(135,'2012-03-21 01:14:12','5493472437449','C','EST|BAT|50|11',-1,NULL,'129',3,NULL,'2012-03-21 01:21:11','1','2012-03-21 01:14:39','11'),(136,'2012-03-21 01:21:11','SERVER','C','C|1|11',-1,NULL,'130',3,NULL,'2012-03-21 01:21:51','1',NULL,NULL),(137,'2012-03-21 14:55:55','5491136942681','BF','Con Ford tene ya tu 0KM!!Obtenelo con tu DNI.Te bonificamos hasta 6300 pesos o aceptamos como parte pago tu auto usado!!Para mas Info Manda Ford ahora!',-1,NULL,NULL,3,NULL,NULL,NULL,NULL,NULL),(138,'2012-03-21 20:28:12','5493472437449','C','ERR|3',-1,NULL,'132',3,NULL,'2012-03-21 20:30:25','1','2012-03-21 20:28:49',NULL),(139,'2012-03-21 20:33:33','5493472437449','S','ERR|3',-1,NULL,'133',3,NULL,'2012-03-21 20:34:40','1','2012-03-21 20:34:07',NULL),(140,'2012-03-21 21:16:03','5493415775431','BF','Jajajaja',-1,NULL,NULL,3,NULL,NULL,NULL,NULL,NULL),(141,'2012-04-10 15:51:57','Claro','BF','Bienvenido al servicio de Claro.',-1,NULL,NULL,3,NULL,NULL,NULL,NULL,NULL),(142,'2012-04-10 15:51:58','Claro','BF','Claro le informa que su password para internet ( www.claro.com.ar ) es  2726',-1,NULL,NULL,3,NULL,NULL,NULL,NULL,NULL),(143,'2012-04-10 18:46:21','3733','BF','Tu nueva clave para acceder al sitio de autogestion de Claro es 4879. Accede ahora a traves de http://www.claro.com.ar',-1,NULL,NULL,3,NULL,NULL,NULL,NULL,NULL),(144,'2012-04-10 19:11:46','Claro','BF','No tenes saldo en tu cuenta. Tu saldo de abono es de $42,78. Tu saldo vence el 19/04/12. Tu saldo de abono vence el 12/05/12.',-1,NULL,NULL,3,NULL,NULL,NULL,NULL,NULL),(145,'2012-04-10 19:11:47','Claro','BF','Tu saldo promocional es de $39,91. Vence el 19/04/12.',-1,NULL,NULL,3,NULL,NULL,NULL,NULL,NULL),(146,'2012-04-10 19:11:48','5493413044330','BF','Recibiste 3 llamadas del numero 3413044330, la ultima llamada fue recibida el dia 10/04 a las 15:43 hs. Manda Ideas al 1234 y descarga los mejores contenidos. I',-1,NULL,NULL,3,NULL,NULL,NULL,NULL,NULL),(147,'2012-04-10 19:13:01','Claro','BF','No tenes saldo en tu cuenta. Tu saldo de abono es de $42,78. Tu saldo vence el 19/04/12. Tu saldo de abono vence el 12/05/12.',-1,NULL,NULL,3,NULL,NULL,NULL,NULL,NULL),(148,'2012-04-10 19:13:02','Claro','BF','Tu saldo promocional es de $39,83. Vence el 19/04/12.',-1,NULL,NULL,3,NULL,NULL,NULL,NULL,NULL),(149,'2012-04-10 19:13:57','5493413376143','BF','Por que no??',-1,NULL,NULL,3,NULL,NULL,NULL,NULL,NULL),(150,'2012-04-10 19:15:12','Claro','BF','No tenes saldo en tu cuenta. Tu saldo de abono es de $42,78. Tu saldo vence el 19/04/12. Tu saldo de abono vence el 12/05/12.',-1,NULL,NULL,3,NULL,NULL,NULL,NULL,NULL),(151,'2012-04-10 19:15:13','Claro','BF','Tu saldo promocional es de $39,75. Vence el 19/04/12.',-1,NULL,NULL,3,NULL,NULL,NULL,NULL,NULL),(152,'2012-04-11 08:52:25','5493413775822','BF','Cele viste q se kevanto el paro,vos vas en cole?',-1,NULL,NULL,3,NULL,NULL,NULL,NULL,NULL),(153,'2012-04-12 20:51:08','5493472437449','S','D|121012|11:02#T:20.2*L:105*H:99*P:1006',-1,NULL,NULL,3,NULL,NULL,NULL,'2012-04-12 21:05:49',NULL),(154,'2012-04-10 14:16:38','5493413376143','BF','Feliz cumple cele!! El gonza no se acordó.. Le dije yo!! Yo si me acorde.. Pero no me mandaba los msj.. Jaja..',-1,NULL,NULL,3,NULL,NULL,NULL,NULL,NULL),(155,'2012-04-12 21:20:37','5493472437449','S','D|121012|11:02#T:20.2*L:105*H:99*P:1006',-1,NULL,NULL,3,NULL,NULL,NULL,'2012-04-12 21:21:17',NULL),(156,'2012-04-12 21:20:37','5493472437449','C','D|121012|11:02#T:20.2*L:105*H:99*P:1006',-1,NULL,NULL,3,NULL,NULL,NULL,'2012-04-12 21:24:47',NULL),(157,'2012-04-12 21:24:32','5493472437449','C','D|121012|11:02#T:20.2*L:105*H:99*P:1006',-1,NULL,NULL,3,NULL,NULL,NULL,'2012-04-12 21:27:29',NULL);
/*!40000 ALTER TABLE `sms` ENABLE KEYS */;
UNLOCK TABLES;

--
-- Table structure for table `sms_confirmation`
--

DROP TABLE IF EXISTS `sms_confirmation`;
/*!40101 SET @saved_cs_client     = @@character_set_client */;
/*!40101 SET character_set_client = utf8 */;
CREATE TABLE `sms_confirmation` (
  `ID_SMS_CONFIRMATION` int(10) NOT NULL AUTO_INCREMENT,
  `ID_SMS` int(10) NOT NULL,
  `ID_SMS_REQUEST` int(10) NOT NULL,
  `ID_STATION` int(10) NOT NULL,
  PRIMARY KEY (`ID_SMS_CONFIRMATION`),
  KEY `SMSCONF_SMS_FK` (`ID_SMS`),
  KEY `SMSCONF_SMSREQ_FK` (`ID_SMS_REQUEST`),
  KEY `SMSCONF_STATION_FK` (`ID_STATION`),
  CONSTRAINT `SMSCONF_SMSREQ_FK` FOREIGN KEY (`ID_SMS_REQUEST`) REFERENCES `sms_customer_request` (`ID_SMS_CUSTOMER_REQUEST`) ON DELETE NO ACTION ON UPDATE NO ACTION,
  CONSTRAINT `SMSCONF_SMS_FK` FOREIGN KEY (`ID_SMS`) REFERENCES `sms` (`ID_SMS`) ON DELETE NO ACTION ON UPDATE NO ACTION,
  CONSTRAINT `SMSCONF_STATION_FK` FOREIGN KEY (`ID_STATION`) REFERENCES `station` (`ID_STATION`) ON DELETE NO ACTION ON UPDATE NO ACTION
) ENGINE=InnoDB AUTO_INCREMENT=11 DEFAULT CHARSET=utf8;
/*!40101 SET character_set_client = @saved_cs_client */;

--
-- Dumping data for table `sms_confirmation`
--

LOCK TABLES `sms_confirmation` WRITE;
/*!40000 ALTER TABLE `sms_confirmation` DISABLE KEYS */;
INSERT INTO `sms_confirmation` VALUES (1,50,8,1),(2,52,9,1),(3,54,11,1),(4,58,13,1),(5,62,16,2),(6,65,21,2),(7,136,22,1),(8,117,23,1),(9,133,21,1),(10,136,22,1);
/*!40000 ALTER TABLE `sms_confirmation` ENABLE KEYS */;
UNLOCK TABLES;

--
-- Table structure for table `sms_customer_request`
--

DROP TABLE IF EXISTS `sms_customer_request`;
/*!40101 SET @saved_cs_client     = @@character_set_client */;
/*!40101 SET character_set_client = utf8 */;
CREATE TABLE `sms_customer_request` (
  `ID_SMS_CUSTOMER_REQUEST` int(10) NOT NULL AUTO_INCREMENT,
  `ID_SMS` int(10) NOT NULL,
  `ID_STATION` int(10) NOT NULL,
  `ID_CUSTOMER` int(10) NOT NULL,
  `ID_SMS_RESPONSE` int(10) DEFAULT NULL,
  PRIMARY KEY (`ID_SMS_CUSTOMER_REQUEST`),
  KEY `SMSCR_SMS_FK` (`ID_SMS`),
  KEY `SMSCR_STATION_FK` (`ID_STATION`),
  KEY `SMSCR_CUSTOMER_FK` (`ID_CUSTOMER`),
  KEY `SMSCR_SMSRESP_FK` (`ID_SMS_RESPONSE`),
  CONSTRAINT `SMSCR_CUSTOMER_FK` FOREIGN KEY (`ID_CUSTOMER`) REFERENCES `customer` (`ID_CUSTOMER`) ON DELETE NO ACTION ON UPDATE NO ACTION,
  CONSTRAINT `SMSCR_SMSRESP_FK` FOREIGN KEY (`ID_SMS_RESPONSE`) REFERENCES `sms_response` (`ID_SMS_RESPONSE`) ON DELETE NO ACTION ON UPDATE NO ACTION,
  CONSTRAINT `SMSCR_SMS_FK` FOREIGN KEY (`ID_SMS`) REFERENCES `sms` (`ID_SMS`) ON DELETE NO ACTION ON UPDATE NO ACTION,
  CONSTRAINT `SMSCR_STATION_FK` FOREIGN KEY (`ID_STATION`) REFERENCES `station` (`ID_STATION`) ON DELETE NO ACTION ON UPDATE NO ACTION
) ENGINE=InnoDB AUTO_INCREMENT=26 DEFAULT CHARSET=utf8;
/*!40101 SET character_set_client = @saved_cs_client */;

--
-- Dumping data for table `sms_customer_request`
--

LOCK TABLES `sms_customer_request` WRITE;
/*!40000 ALTER TABLE `sms_customer_request` DISABLE KEYS */;
INSERT INTO `sms_customer_request` VALUES (1,16,1,1,1),(2,17,1,1,1),(3,19,1,1,1),(4,21,1,1,1),(5,59,1,2,1),(6,66,1,3,1),(7,67,1,3,1),(8,68,1,3,1),(9,89,1,3,1),(10,90,1,3,1),(11,91,1,3,1),(12,92,1,3,1),(13,93,1,3,1),(14,94,1,3,1),(15,95,1,3,1),(16,96,1,3,1),(17,100,1,1,1),(18,100,1,2,1),(19,120,1,1,1),(20,121,1,1,1),(21,122,1,1,1),(22,123,1,1,1),(23,125,1,1,1),(24,127,1,1,1),(25,130,1,1,1);
/*!40000 ALTER TABLE `sms_customer_request` ENABLE KEYS */;
UNLOCK TABLES;

--
-- Table structure for table `sms_daily_summary`
--

DROP TABLE IF EXISTS `sms_daily_summary`;
/*!40101 SET @saved_cs_client     = @@character_set_client */;
/*!40101 SET character_set_client = utf8 */;
CREATE TABLE `sms_daily_summary` (
  `ID_SMS_DAILY_SUMMARY` int(10) NOT NULL AUTO_INCREMENT,
  `TEST` varchar(45) DEFAULT NULL,
  `ID_SMS` int(10) NOT NULL,
  PRIMARY KEY (`ID_SMS_DAILY_SUMMARY`),
  KEY `SMSDAILY_SMS_FK` (`ID_SMS`),
  CONSTRAINT `SMSDAILY_SMS_FK` FOREIGN KEY (`ID_SMS`) REFERENCES `sms` (`ID_SMS`) ON DELETE NO ACTION ON UPDATE NO ACTION
) ENGINE=InnoDB AUTO_INCREMENT=16 DEFAULT CHARSET=utf8;
/*!40101 SET character_set_client = @saved_cs_client */;

--
-- Dumping data for table `sms_daily_summary`
--

LOCK TABLES `sms_daily_summary` WRITE;
/*!40000 ALTER TABLE `sms_daily_summary` DISABLE KEYS */;
INSERT INTO `sms_daily_summary` VALUES (1,NULL,23),(2,NULL,24),(3,NULL,25),(4,NULL,28),(5,NULL,29),(6,NULL,30),(7,NULL,31),(8,NULL,32),(9,NULL,33),(10,NULL,36),(11,NULL,49),(12,NULL,153),(13,NULL,155),(14,NULL,156),(15,NULL,157);
/*!40000 ALTER TABLE `sms_daily_summary` ENABLE KEYS */;
UNLOCK TABLES;

--
-- Table structure for table `sms_error`
--

DROP TABLE IF EXISTS `sms_error`;
/*!40101 SET @saved_cs_client     = @@character_set_client */;
/*!40101 SET character_set_client = utf8 */;
CREATE TABLE `sms_error` (
  `ID_SMS_ERROR` int(10) NOT NULL AUTO_INCREMENT,
  `ID_SMS` int(10) NOT NULL,
  `ID_STATION` int(10) NOT NULL,
  `ID_ERROR` int(10) NOT NULL,
  PRIMARY KEY (`ID_SMS_ERROR`),
  KEY `SMSERROR_SMS_FK` (`ID_SMS`),
  KEY `SMSERROR_STATION_FK` (`ID_STATION`),
  KEY `SMSERROR_ERROR_FK` (`ID_ERROR`),
  CONSTRAINT `SMSERROR_ERROR_FK` FOREIGN KEY (`ID_ERROR`) REFERENCES `error` (`ID_ERROR`) ON DELETE NO ACTION ON UPDATE NO ACTION,
  CONSTRAINT `SMSERROR_SMS_FK` FOREIGN KEY (`ID_SMS`) REFERENCES `sms` (`ID_SMS`) ON DELETE NO ACTION ON UPDATE NO ACTION,
  CONSTRAINT `SMSERROR_STATION_FK` FOREIGN KEY (`ID_STATION`) REFERENCES `station` (`ID_STATION`) ON DELETE NO ACTION ON UPDATE NO ACTION
) ENGINE=InnoDB AUTO_INCREMENT=3 DEFAULT CHARSET=utf8;
/*!40101 SET character_set_client = @saved_cs_client */;

--
-- Dumping data for table `sms_error`
--

LOCK TABLES `sms_error` WRITE;
/*!40000 ALTER TABLE `sms_error` DISABLE KEYS */;
INSERT INTO `sms_error` VALUES (1,138,1,2),(2,139,1,2);
/*!40000 ALTER TABLE `sms_error` ENABLE KEYS */;
UNLOCK TABLES;

--
-- Table structure for table `sms_operation`
--

DROP TABLE IF EXISTS `sms_operation`;
/*!40101 SET @saved_cs_client     = @@character_set_client */;
/*!40101 SET character_set_client = utf8 */;
CREATE TABLE `sms_operation` (
  `ID_SMS_OPERATION` int(10) NOT NULL AUTO_INCREMENT,
  `ID_SMS` int(10) NOT NULL,
  `ID_STATION` int(10) NOT NULL,
  `SUCCESS` tinyint(1) NOT NULL,
  PRIMARY KEY (`ID_SMS_OPERATION`),
  KEY `SMSOPERATION_SMS_FK` (`ID_SMS`),
  KEY `SMSOPERATION_STATION_FK` (`ID_STATION`),
  CONSTRAINT `SMSOPERATION_SMS_FK` FOREIGN KEY (`ID_SMS`) REFERENCES `sms` (`ID_SMS`) ON DELETE NO ACTION ON UPDATE NO ACTION,
  CONSTRAINT `SMSOPERATION_STATION_FK` FOREIGN KEY (`ID_STATION`) REFERENCES `station` (`ID_STATION`) ON DELETE NO ACTION ON UPDATE NO ACTION
) ENGINE=InnoDB DEFAULT CHARSET=utf8;
/*!40101 SET character_set_client = @saved_cs_client */;

--
-- Dumping data for table `sms_operation`
--

LOCK TABLES `sms_operation` WRITE;
/*!40000 ALTER TABLE `sms_operation` DISABLE KEYS */;
/*!40000 ALTER TABLE `sms_operation` ENABLE KEYS */;
UNLOCK TABLES;

--
-- Table structure for table `sms_response`
--

DROP TABLE IF EXISTS `sms_response`;
/*!40101 SET @saved_cs_client     = @@character_set_client */;
/*!40101 SET character_set_client = utf8 */;
CREATE TABLE `sms_response` (
  `ID_SMS_RESPONSE` int(10) NOT NULL AUTO_INCREMENT,
  `ID_SMS` int(10) NOT NULL,
  `TO_` varchar(45) NOT NULL,
  `FRIENDLYTEXT` varchar(160) NOT NULL,
  PRIMARY KEY (`ID_SMS_RESPONSE`),
  KEY `SMSRESPONSE_SMS_FK` (`ID_SMS`),
  CONSTRAINT `SMSRESPONSE_SMS_FK` FOREIGN KEY (`ID_SMS`) REFERENCES `sms` (`ID_SMS`) ON DELETE NO ACTION ON UPDATE NO ACTION
) ENGINE=InnoDB AUTO_INCREMENT=15 DEFAULT CHARSET=utf8;
/*!40101 SET character_set_client = @saved_cs_client */;

--
-- Dumping data for table `sms_response`
--

LOCK TABLES `sms_response` WRITE;
/*!40000 ALTER TABLE `sms_response` DISABLE KEYS */;
INSERT INTO `sms_response` VALUES (1,18,'5493472436171','Lluvia : 25 mmHumedad : 32 %Temperatura : 22 °C'),(2,20,'5493472436171','Temperatura : 22 °C Humedad : 32 % Lluvia : 25 mm'),(3,22,'5493472436171','Humedad : 32 % Temperatura : 22 °C Lluvia : 25 mm'),(4,26,'5493472436171','Humedad: Cacu'),(5,55,'5493472436171','Humedad: Cacu'),(6,57,'5493472436171','Humedad: Cacu'),(7,61,'5493415775431','Humedad:56 % ,Lluvia:124 mm ,Presion:1234 hPas ,Temperatura:23.6 °C'),(8,64,'5493415775431','Presion:1234 hPas ,Lluvia:124 mm ,Humedad:56 % ,Temperatura:23.6 °C'),(9,109,'5493415460866','Temperatura:23.6 °C ,Lluvia:123 mm ,Humedad:36 %'),(10,110,'5493415460866','Lluvia: 123 mm, Temperatura: 23.6 °C, Humedad: 36 %'),(11,124,'5493415460866','Temperatura: 22 °C, Lluvia: 12.2 mm, Humedad: 36 %'),(12,126,'5493415460866','Temperatura: 22 °C, Humedad: 36 %, Lluvia: 12.2 mm'),(13,128,'5493415460866','Humedad: 36 %, Temperatura: 22 °C, Lluvia: 12.2 mm'),(14,131,'5493415460866','Temperatura: 22 °C, Lluvia: 12.2 mm, Humedad: 36 %');
/*!40000 ALTER TABLE `sms_response` ENABLE KEYS */;
UNLOCK TABLES;

--
-- Table structure for table `sms_station_event`
--

DROP TABLE IF EXISTS `sms_station_event`;
/*!40101 SET @saved_cs_client     = @@character_set_client */;
/*!40101 SET character_set_client = utf8 */;
CREATE TABLE `sms_station_event` (
  `ID_SMS_STATION_EVENT` int(10) NOT NULL AUTO_INCREMENT,
  `ID_SMS` int(10) NOT NULL,
  `ID_STATION` int(10) NOT NULL,
  `ID_CUSTOMER` int(10) NOT NULL,
  `ALERT_CODE` varchar(5) NOT NULL,
  `VALUE` varchar(5) NOT NULL,
  PRIMARY KEY (`ID_SMS_STATION_EVENT`),
  KEY `SMSSTATIONEVENT_SMS_FK` (`ID_SMS`),
  KEY `SMSSTATIONEVENT_STATION_FK` (`ID_STATION`),
  KEY `SMSSTATIONEVENT_CUSTOMER_FK` (`ID_CUSTOMER`),
  CONSTRAINT `SMSSTATIONEVENT_CUSTOMER_FK` FOREIGN KEY (`ID_CUSTOMER`) REFERENCES `customer` (`ID_CUSTOMER`) ON DELETE NO ACTION ON UPDATE NO ACTION,
  CONSTRAINT `SMSSTATIONEVENT_SMS_FK` FOREIGN KEY (`ID_SMS`) REFERENCES `sms` (`ID_SMS`) ON DELETE NO ACTION ON UPDATE NO ACTION,
  CONSTRAINT `SMSSTATIONEVENT_STATION_FK` FOREIGN KEY (`ID_STATION`) REFERENCES `station` (`ID_STATION`) ON DELETE NO ACTION ON UPDATE NO ACTION
) ENGINE=InnoDB AUTO_INCREMENT=31 DEFAULT CHARSET=utf8;
/*!40101 SET character_set_client = @saved_cs_client */;

--
-- Dumping data for table `sms_station_event`
--

LOCK TABLES `sms_station_event` WRITE;
/*!40000 ALTER TABLE `sms_station_event` DISABLE KEYS */;
INSERT INTO `sms_station_event` VALUES (10,11,1,1,'T','22.2'),(11,12,1,1,'T','22.2'),(12,13,1,1,'T','22.2'),(13,14,1,1,'T','22.2'),(14,15,1,1,'T','22.2'),(15,27,1,1,'X','2'),(16,34,1,1,'T','22.2'),(17,35,1,1,'T','22.2'),(18,39,1,1,'T','22.2'),(19,40,1,1,'T','22.2'),(20,41,1,1,'T','22.2'),(21,42,1,1,'T','22.2'),(22,43,1,1,'T','22.2'),(23,44,1,1,'T','22.2'),(24,45,1,1,'T','22.6'),(25,51,1,1,'T','45'),(26,53,1,1,'T','45'),(27,111,1,1,'T','50'),(28,112,1,1,'T','50'),(29,114,1,1,'T','50'),(30,132,1,1,'T','50');
/*!40000 ALTER TABLE `sms_station_event` ENABLE KEYS */;
UNLOCK TABLES;

--
-- Table structure for table `sms_status`
--

DROP TABLE IF EXISTS `sms_status`;
/*!40101 SET @saved_cs_client     = @@character_set_client */;
/*!40101 SET character_set_client = utf8 */;
CREATE TABLE `sms_status` (
  `ID_SMS_STATUS` int(10) NOT NULL AUTO_INCREMENT,
  `ID_SMS` int(10) NOT NULL,
  `ID_STATION` int(10) NOT NULL,
  `ALERT_VARIABLE` varchar(5) NOT NULL,
  `VALUE` varchar(5) NOT NULL,
  PRIMARY KEY (`ID_SMS_STATUS`),
  KEY `SMSSTATUS_SMS_FK` (`ID_SMS`),
  KEY `SMSSTATUS_STATION_FK` (`ID_STATION`),
  CONSTRAINT `SMSSTATUS_SMS_FK` FOREIGN KEY (`ID_SMS`) REFERENCES `sms` (`ID_SMS`) ON DELETE NO ACTION ON UPDATE NO ACTION,
  CONSTRAINT `SMSSTATUS_STATION_FK` FOREIGN KEY (`ID_STATION`) REFERENCES `station` (`ID_STATION`) ON DELETE NO ACTION ON UPDATE NO ACTION
) ENGINE=InnoDB AUTO_INCREMENT=3 DEFAULT CHARSET=utf8;
/*!40101 SET character_set_client = @saved_cs_client */;

--
-- Dumping data for table `sms_status`
--

LOCK TABLES `sms_status` WRITE;
/*!40000 ALTER TABLE `sms_status` DISABLE KEYS */;
INSERT INTO `sms_status` VALUES (1,134,1,'BAT','50'),(2,135,1,'BAT','50');
/*!40000 ALTER TABLE `sms_status` ENABLE KEYS */;
UNLOCK TABLES;

--
-- Table structure for table `station`
--

DROP TABLE IF EXISTS `station`;
/*!40101 SET @saved_cs_client     = @@character_set_client */;
/*!40101 SET character_set_client = utf8 */;
CREATE TABLE `station` (
  `ID_STATION` int(10) NOT NULL AUTO_INCREMENT,
  `STATUS` varchar(45) NOT NULL,
  `ID_SIMCARD` int(10) NOT NULL,
  `ID_CUSTOMER` int(10) NOT NULL,
  PRIMARY KEY (`ID_STATION`),
  KEY `STATION_SIMCARD_FK` (`ID_SIMCARD`),
  KEY `STATION_CUSTOMER_FK` (`ID_CUSTOMER`),
  CONSTRAINT `STATION_CUSTOMER_FK` FOREIGN KEY (`ID_CUSTOMER`) REFERENCES `customer` (`ID_CUSTOMER`) ON DELETE NO ACTION ON UPDATE NO ACTION,
  CONSTRAINT `STATION_SIMCARD_FK` FOREIGN KEY (`ID_SIMCARD`) REFERENCES `simcard` (`ID_SIMCARD`) ON DELETE NO ACTION ON UPDATE NO ACTION
) ENGINE=InnoDB AUTO_INCREMENT=5 DEFAULT CHARSET=utf8;
/*!40101 SET character_set_client = @saved_cs_client */;

--
-- Dumping data for table `station`
--

LOCK TABLES `station` WRITE;
/*!40000 ALTER TABLE `station` DISABLE KEYS */;
INSERT INTO `station` VALUES (1,'1',5,1),(2,'1',2,1),(3,'1',1,2),(4,'1',7,3);
/*!40000 ALTER TABLE `station` ENABLE KEYS */;
UNLOCK TABLES;

--
-- Table structure for table `thread`
--

DROP TABLE IF EXISTS `thread`;
/*!40101 SET @saved_cs_client     = @@character_set_client */;
/*!40101 SET character_set_client = utf8 */;
CREATE TABLE `thread` (
  `ID_THREAD` int(10) NOT NULL AUTO_INCREMENT,
  `TYPE` varchar(5) NOT NULL,
  `NAME` varchar(45) NOT NULL,
  `ENABLE` tinyint(1) NOT NULL,
  `STARTED` tinyint(1) NOT NULL,
  `ID_GSMMODEM` int(10) NOT NULL,
  PRIMARY KEY (`ID_THREAD`) USING BTREE,
  KEY `THREAD_GSMMODEM_FK` (`ID_GSMMODEM`),
  CONSTRAINT `THREAD_GSMMODEM_FK` FOREIGN KEY (`ID_GSMMODEM`) REFERENCES `gsmmodem` (`ID_GSMMODEM`) ON DELETE NO ACTION ON UPDATE NO ACTION
) ENGINE=InnoDB AUTO_INCREMENT=3 DEFAULT CHARSET=utf8;
/*!40101 SET character_set_client = @saved_cs_client */;

--
-- Dumping data for table `thread`
--

LOCK TABLES `thread` WRITE;
/*!40000 ALTER TABLE `thread` DISABLE KEYS */;
INSERT INTO `thread` VALUES (1,'R','RECEPTOR-1',1,0,1),(2,'S','SENDER-1',1,0,1);
/*!40000 ALTER TABLE `thread` ENABLE KEYS */;
UNLOCK TABLES;

--
-- Table structure for table `user`
--

DROP TABLE IF EXISTS `user`;
/*!40101 SET @saved_cs_client     = @@character_set_client */;
/*!40101 SET character_set_client = utf8 */;
CREATE TABLE `user` (
  `ID_USER` int(10) NOT NULL AUTO_INCREMENT,
  `NAME` varchar(45) NOT NULL,
  `LAST_NAME` varchar(45) NOT NULL,
  `EMAIL` varchar(45) NOT NULL,
  `ID_SIMCARD` int(10) NOT NULL,
  `IS_ACTIVE` tinyint(1) DEFAULT '1',
  `PASSWORD` varchar(45) NOT NULL,
  PRIMARY KEY (`ID_USER`),
  KEY `USER_SIMCARD_FK` (`ID_SIMCARD`),
  CONSTRAINT `USER_SIMCARD_FK` FOREIGN KEY (`ID_SIMCARD`) REFERENCES `simcard` (`ID_SIMCARD`) ON DELETE NO ACTION ON UPDATE NO ACTION
) ENGINE=InnoDB AUTO_INCREMENT=3 DEFAULT CHARSET=utf8;
/*!40101 SET character_set_client = @saved_cs_client */;

--
-- Dumping data for table `user`
--

LOCK TABLES `user` WRITE;
/*!40000 ALTER TABLE `user` DISABLE KEYS */;
INSERT INTO `user` VALUES (1,'Carlos','Fontana','cfontana0@gmail.com',3,0,'cfontana0@gmail.com'),(2,'Juan','Martini','jcruzmartini@gmail.com',1,1,'jcruzmartini@gmail.com');
/*!40000 ALTER TABLE `user` ENABLE KEYS */;
UNLOCK TABLES;

--
-- Table structure for table `validation_rule`
--

DROP TABLE IF EXISTS `validation_rule`;
/*!40101 SET @saved_cs_client     = @@character_set_client */;
/*!40101 SET character_set_client = utf8 */;
CREATE TABLE `validation_rule` (
  `ID_RULE` int(10) NOT NULL AUTO_INCREMENT,
  `NAME` varchar(45) NOT NULL,
  `DESCRIPTION` varchar(45) NOT NULL,
  `RULE_CODE` varchar(5) NOT NULL,
  PRIMARY KEY (`ID_RULE`)
) ENGINE=InnoDB AUTO_INCREMENT=3 DEFAULT CHARSET=utf8;
/*!40101 SET character_set_client = @saved_cs_client */;

--
-- Dumping data for table `validation_rule`
--

LOCK TABLES `validation_rule` WRITE;
/*!40000 ALTER TABLE `validation_rule` DISABLE KEYS */;
INSERT INTO `validation_rule` VALUES (1,'CustomerStatusRule','CustomerStatusRule','CSR'),(2,'MaximumRequestCustomerRule','MaximumRequestCustomerRule','MRCR');
/*!40000 ALTER TABLE `validation_rule` ENABLE KEYS */;
UNLOCK TABLES;

--
-- Table structure for table `variable`
--

DROP TABLE IF EXISTS `variable`;
/*!40101 SET @saved_cs_client     = @@character_set_client */;
/*!40101 SET character_set_client = utf8 */;
CREATE TABLE `variable` (
  `ID_VARIABLE` int(10) NOT NULL AUTO_INCREMENT,
  `DESCRIPTION` varchar(45) NOT NULL,
  `UNIT` varchar(45) NOT NULL,
  `CODE` varchar(45) NOT NULL,
  `IS_METEOROLOGICAL` tinyint(1) DEFAULT '1',
  PRIMARY KEY (`ID_VARIABLE`)
) ENGINE=InnoDB AUTO_INCREMENT=7 DEFAULT CHARSET=utf8;
/*!40101 SET character_set_client = @saved_cs_client */;

--
-- Dumping data for table `variable`
--

LOCK TABLES `variable` WRITE;
/*!40000 ALTER TABLE `variable` DISABLE KEYS */;
INSERT INTO `variable` VALUES (1,'Temperatura','°C','T',1),(2,'Lluvia','mm','L',1),(3,'Humedad','%','H',1),(4,'Presion','hPas','P',1),(5,'Nivel Bateria','%','BAT',0),(6,'Temperatura Interna','°C','TEMP',0);
/*!40000 ALTER TABLE `variable` ENABLE KEYS */;
UNLOCK TABLES;
/*!40103 SET TIME_ZONE=@OLD_TIME_ZONE */;

/*!40101 SET SQL_MODE=@OLD_SQL_MODE */;
/*!40014 SET FOREIGN_KEY_CHECKS=@OLD_FOREIGN_KEY_CHECKS */;
/*!40014 SET UNIQUE_CHECKS=@OLD_UNIQUE_CHECKS */;
/*!40101 SET CHARACTER_SET_CLIENT=@OLD_CHARACTER_SET_CLIENT */;
/*!40101 SET CHARACTER_SET_RESULTS=@OLD_CHARACTER_SET_RESULTS */;
/*!40101 SET COLLATION_CONNECTION=@OLD_COLLATION_CONNECTION */;
/*!40111 SET SQL_NOTES=@OLD_SQL_NOTES */;

-- Dump completed on 2012-05-30 19:23:57
